cod_indicador,categoria,categoria_2,tabla,cod_nuevo,cod_entidad,cod_proyecto,sexo,zona,naturaleza,grado,edad,subconjunto,tratamiento
MLJ_02,Estudiando y trabajando,,datos,MLJ_20,igual,,Total,Total,Total,Total,Total,Total,
MLJ_02,Solo trabajando,,datos,MLJ_19,igual,,Total,Total,Total,Total,Total,Total,
MLJ_02,Solo estudiando,,datos,MLJ_02,igual,,Total,Total,Total,Total,Total,Total,
MLJ_02,Buscando trabajo,,datos,MLJ_21,igual,,Total,Total,Total,Total,Total,Total,
MLJ_02,NOES,,datos,MLJ_22,igual,,Total,Total,Total,Total,Total,Total,
CSOC_02,CE Rural La Palma,Quinto,datos,CSOC_02,17001905,,Total,Total,Total,Quinto,Total,Total,
CSOC_02,IE Adolfo Hoyos Ocampo,Quinto,datos,CSOC_02,117001006104,,Total,Total,Total,Quinto,Total,Total,
CSOC_02,IE Andres Bello,Quinto,datos,CSOC_02,117001001609,,Total,Total,Total,Quinto,Total,Total,
CSOC_02,IE Aranjuez,Quinto,datos,CSOC_02,117001006287,,Total,Total,Total,Quinto,Total,Total,
CSOC_02,IE Atanasio Girardot,Quinto,datos,CSOC_02,117001000653,,Total,Total,Total,Quinto,Total,Total,
CSOC_02,IE Bosques del Norte,Quinto,datos,CSOC_02,117001005990,,Total,Total,Total,Quinto,Total,Total,
CSOC_02,IE Chipre,Quinto,datos,CSOC_02,117001000157,,Total,Total,Total,Quinto,Total,Total,
CSOC_02,IE Colegio de Cristo,Quinto,datos,CSOC_02,317001000075,,Total,Total,Total,Quinto,Total,Total,
CSOC_02,IE Colegio Perpetuo Socorro,Quinto,datos,CSOC_02,117001002087,,Total,Total,Total,Quinto,Total,Total,
CSOC_02,IE Divina Providencia,Quinto,datos,CSOC_02,117001001161,,Total,Total,Total,Quinto,Total,Total,
CSOC_02,IE Escuela Nacional Auxiliar de Enfermeria,Quinto,datos,CSOC_02,117001003822,,Total,Total,Total,Quinto,Total,Total,
CSOC_02,IE Estambul,Quinto,datos,CSOC_02,117001004934,,Total,Total,Total,Quinto,Total,Total,
CSOC_02,IE Eugenio Pacelli,Quinto,datos,CSOC_02,117001000602,,Total,Total,Total,Quinto,Total,Total,
CSOC_02,IE Fe y Alegria La Paz,Quinto,datos,CSOC_02,117001005981,,Total,Total,Total,Quinto,Total,Total,
CSOC_02,IE Francisco Jose de Caldas,Quinto,datos,CSOC_02,117001006155,,Total,Total,Total,Quinto,Total,Total,
CSOC_02,IE Gran Colombia,Quinto,datos,CSOC_02,117001000572,,Total,Total,Total,Quinto,Total,Total,
CSOC_02,IE Inem Baldomero Sanin Cano,Quinto,datos,CSOC_02,117001002346,,Total,Total,Total,Quinto,Total,Total,
CSOC_02,IE Instituto Latinoamericano,Quinto,datos,CSOC_02,117001000611,,Total,Total,Total,Quinto,Total,Total,
CSOC_02,IE Instituto Manizales,Quinto,datos,CSOC_02,117001001919,,Total,Total,Total,Quinto,Total,Total,
CSOC_02,IE Instituto Universitario de Caldas,Quinto,datos,CSOC_02,117001001536,,Total,Total,Total,Quinto,Total,Total,
CSOC_02,IE La Asunción,Quinto,datos,CSOC_02,117001002737,,Total,Total,Total,Quinto,Total,Total,
CSOC_02,IE La Linda,Quinto,datos,CSOC_02,117001006112,,Total,Total,Total,Quinto,Total,Total,
CSOC_02,IE La Sultana,Quinto,datos,CSOC_02,117001006180,,Total,Total,Total,Quinto,Total,Total,
CSOC_02,IE Leon de Greiff,Quinto,datos,CSOC_02,117001002257,,Total,Total,Total,Quinto,Total,Total,
CSOC_02,IE Leonardo Da Vinci,Quinto,datos,CSOC_02,117001000998,,Total,Total,Total,Quinto,Total,Total,
CSOC_02,IE Liceo Isabel La Catolica,Quinto,datos,CSOC_02,117001001765,,Total,Total,Total,Quinto,Total,Total,
CSOC_02,IE Liceo Mixto Sinai,Quinto,datos,CSOC_02,117001005256,,Total,Total,Total,Quinto,Total,Total,
CSOC_02,IE Malabar,Quinto,datos,CSOC_02,117001002567,,Total,Total,Total,Quinto,Total,Total,
CSOC_02,IE Malteria,Quinto,datos,CSOC_02,117001002729,,Total,Total,Total,Quinto,Total,Total,
CSOC_02,IE Marco Fidel Suarez,Quinto,datos,CSOC_02,117001006902,,Total,Total,Total,Quinto,Total,Total,
CSOC_02,IE Normal Superior de Caldas,Quinto,datos,CSOC_02,117001001544,,Total,Total,Total,Quinto,Total,Total,
CSOC_02,IE Normal Superior de Manizales,Quinto,datos,CSOC_02,117001000165,,Total,Total,Total,Quinto,Total,Total,
CSOC_02,IE Pablo VI,Quinto,datos,CSOC_02,117001005965,,Total,Total,Total,Quinto,Total,Total,
CSOC_02,IE Rural Giovanni Montini,Quinto,datos,CSOC_02,217001002936,,Total,Total,Total,Quinto,Total,Total,
CSOC_02,IE Rural Granada,Quinto,datos,CSOC_02,217001001557,,Total,Total,Total,Quinto,Total,Total,
CSOC_02,IE Rural Jose Antonio Galan,Quinto,datos,CSOC_02,217001006133,,Total,Total,Total,Quinto,Total,Total,
CSOC_02,IE Rural La Violeta,Quinto,datos,CSOC_02,217001002065,,Total,Total,Total,Quinto,Total,Total,
CSOC_02,IE Rural Maria Goretti,Quinto,datos,CSOC_02,217001001085,,Total,Total,Total,Quinto,Total,Total,
CSOC_02,IE Rural Miguel Antonio Caro,Quinto,datos,CSOC_02,217001001182,,Total,Total,Total,Quinto,Total,Total,
CSOC_02,IE Rural San Peregrino,Quinto,datos,CSOC_02,217001006125,,Total,Total,Total,Quinto,Total,Total,
CSOC_02,IE Rural Serafico San Antonio de Padua,Quinto,datos,CSOC_02,217001000526,,Total,Total,Total,Quinto,Total,Total,
CSOC_02,IE San Jorge,Quinto,datos,CSOC_02,117001001251,,Total,Total,Total,Quinto,Total,Total,
CSOC_02,IE San Juan Bautista La Salle,Quinto,datos,CSOC_02,117001004438,,Total,Total,Total,Quinto,Total,Total,
CSOC_02,IE San Pio X,Quinto,datos,CSOC_02,117001002176,,Total,Total,Total,Quinto,Total,Total,
CSOC_02,IE San Sebastian,Quinto,datos,CSOC_02,117001800111,,Total,Total,Total,Quinto,Total,Total,
CSOC_02,IE Santo Domingo Savio,Quinto,datos,CSOC_02,117001005132,,Total,Total,Total,Quinto,Total,Total,
CSOC_02,IE Siete de Agosto,Quinto,datos,CSOC_02,117001000033,,Total,Total,Total,Quinto,Total,Total,
CSOC_02,IE Villa del Pilar,Quinto,datos,CSOC_02,117001005841,,Total,Total,Total,Quinto,Total,Total,
CSOC_02,IE Nuestra Señora de Fatima,Quinto,datos,CSOC_02,117001004373,,Total,Total,Total,Quinto,Total,Total,
CSOC_01,CE Rural La Palma,Quinto,datos,CSOC_01,17001905,,Total,Total,Total,Quinto,Total,Total,
CSOC_01,IE Adolfo Hoyos Ocampo,Quinto,datos,CSOC_01,117001006104,,Total,Total,Total,Quinto,Total,Total,
CSOC_01,IE Andres Bello,Quinto,datos,CSOC_01,117001001609,,Total,Total,Total,Quinto,Total,Total,
CSOC_01,IE Aranjuez,Quinto,datos,CSOC_01,117001006287,,Total,Total,Total,Quinto,Total,Total,
CSOC_01,IE Atanasio Girardot,Quinto,datos,CSOC_01,117001000653,,Total,Total,Total,Quinto,Total,Total,
CSOC_01,IE Bosques del Norte,Quinto,datos,CSOC_01,117001005990,,Total,Total,Total,Quinto,Total,Total,
CSOC_01,IE Chipre,Quinto,datos,CSOC_01,117001000157,,Total,Total,Total,Quinto,Total,Total,
CSOC_01,IE Colegio de Cristo,Quinto,datos,CSOC_01,317001000075,,Total,Total,Total,Quinto,Total,Total,
CSOC_01,IE Colegio Perpetuo Socorro,Quinto,datos,CSOC_01,117001002087,,Total,Total,Total,Quinto,Total,Total,
CSOC_01,IE Divina Providencia,Quinto,datos,CSOC_01,117001001161,,Total,Total,Total,Quinto,Total,Total,
CSOC_01,IE Escuela Nacional Auxiliar de Enfermeria,Quinto,datos,CSOC_01,117001003822,,Total,Total,Total,Quinto,Total,Total,
CSOC_01,IE Estambul,Quinto,datos,CSOC_01,117001004934,,Total,Total,Total,Quinto,Total,Total,
CSOC_01,IE Eugenio Pacelli,Quinto,datos,CSOC_01,117001000602,,Total,Total,Total,Quinto,Total,Total,
CSOC_01,IE Fe y Alegria La Paz,Quinto,datos,CSOC_01,117001005981,,Total,Total,Total,Quinto,Total,Total,
CSOC_01,IE Francisco Jose de Caldas,Quinto,datos,CSOC_01,117001006155,,Total,Total,Total,Quinto,Total,Total,
CSOC_01,IE Gran Colombia,Quinto,datos,CSOC_01,117001000572,,Total,Total,Total,Quinto,Total,Total,
CSOC_01,IE Inem Baldomero Sanin Cano,Quinto,datos,CSOC_01,117001002346,,Total,Total,Total,Quinto,Total,Total,
CSOC_01,IE Instituto Latinoamericano,Quinto,datos,CSOC_01,117001000611,,Total,Total,Total,Quinto,Total,Total,
CSOC_01,IE Instituto Manizales,Quinto,datos,CSOC_01,117001001919,,Total,Total,Total,Quinto,Total,Total,
CSOC_01,IE Instituto Universitario de Caldas,Quinto,datos,CSOC_01,117001001536,,Total,Total,Total,Quinto,Total,Total,
CSOC_01,IE La Asunción,Quinto,datos,CSOC_01,117001002737,,Total,Total,Total,Quinto,Total,Total,
CSOC_01,IE La Linda,Quinto,datos,CSOC_01,117001006112,,Total,Total,Total,Quinto,Total,Total,
CSOC_01,IE La Sultana,Quinto,datos,CSOC_01,117001006180,,Total,Total,Total,Quinto,Total,Total,
CSOC_01,IE Leon de Greiff,Quinto,datos,CSOC_01,117001002257,,Total,Total,Total,Quinto,Total,Total,
CSOC_01,IE Leonardo Da Vinci,Quinto,datos,CSOC_01,117001000998,,Total,Total,Total,Quinto,Total,Total,
CSOC_01,IE Liceo Isabel La Catolica,Quinto,datos,CSOC_01,117001001765,,Total,Total,Total,Quinto,Total,Total,
CSOC_01,IE Liceo Mixto Sinai,Quinto,datos,CSOC_01,117001005256,,Total,Total,Total,Quinto,Total,Total,
CSOC_01,IE Malabar,Quinto,datos,CSOC_01,117001002567,,Total,Total,Total,Quinto,Total,Total,
CSOC_01,IE Malteria,Quinto,datos,CSOC_01,117001002729,,Total,Total,Total,Quinto,Total,Total,
CSOC_01,IE Marco Fidel Suarez,Quinto,datos,CSOC_01,117001006902,,Total,Total,Total,Quinto,Total,Total,
CSOC_01,IE Normal Superior de Caldas,Quinto,datos,CSOC_01,117001001544,,Total,Total,Total,Quinto,Total,Total,
CSOC_01,IE Normal Superior de Manizales,Quinto,datos,CSOC_01,117001000165,,Total,Total,Total,Quinto,Total,Total,
CSOC_01,IE Pablo VI,Quinto,datos,CSOC_01,117001005965,,Total,Total,Total,Quinto,Total,Total,
CSOC_01,IE Rural Giovanni Montini,Quinto,datos,CSOC_01,217001002936,,Total,Total,Total,Quinto,Total,Total,
CSOC_01,IE Rural Granada,Quinto,datos,CSOC_01,217001001557,,Total,Total,Total,Quinto,Total,Total,
CSOC_01,IE Rural Jose Antonio Galan,Quinto,datos,CSOC_01,217001006133,,Total,Total,Total,Quinto,Total,Total,
CSOC_01,IE Rural La Violeta,Quinto,datos,CSOC_01,217001002065,,Total,Total,Total,Quinto,Total,Total,
CSOC_01,IE Rural Maria Goretti,Quinto,datos,CSOC_01,217001001085,,Total,Total,Total,Quinto,Total,Total,
CSOC_01,IE Rural Miguel Antonio Caro,Quinto,datos,CSOC_01,217001001182,,Total,Total,Total,Quinto,Total,Total,
CSOC_01,IE Rural San Peregrino,Quinto,datos,CSOC_01,217001006125,,Total,Total,Total,Quinto,Total,Total,
CSOC_01,IE Rural Serafico San Antonio de Padua,Quinto,datos,CSOC_01,217001000526,,Total,Total,Total,Quinto,Total,Total,
CSOC_01,IE San Jorge,Quinto,datos,CSOC_01,117001001251,,Total,Total,Total,Quinto,Total,Total,
CSOC_01,IE San Juan Bautista La Salle,Quinto,datos,CSOC_01,117001004438,,Total,Total,Total,Quinto,Total,Total,
CSOC_01,IE San Pio X,Quinto,datos,CSOC_01,117001002176,,Total,Total,Total,Quinto,Total,Total,
CSOC_01,IE San Sebastian,Quinto,datos,CSOC_01,117001800111,,Total,Total,Total,Quinto,Total,Total,
CSOC_01,IE Santo Domingo Savio,Quinto,datos,CSOC_01,117001005132,,Total,Total,Total,Quinto,Total,Total,
CSOC_01,IE Siete de Agosto,Quinto,datos,CSOC_01,117001000033,,Total,Total,Total,Quinto,Total,Total,
CSOC_01,IE Villa del Pilar,Quinto,datos,CSOC_01,117001005841,,Total,Total,Total,Quinto,Total,Total,
CSOC_01,IE Nuestra Señora de Fatima,Quinto,datos,CSOC_01,117001004373,,Total,Total,Total,Quinto,Total,Total,
CSOC_03,CE Rural La Palma,Quinto,datos,CSOC_03,17001905,,Total,Total,Total,Quinto,Total,Total,
CSOC_03,IE Adolfo Hoyos Ocampo,Quinto,datos,CSOC_03,117001006104,,Total,Total,Total,Quinto,Total,Total,
CSOC_03,IE Andres Bello,Quinto,datos,CSOC_03,117001001609,,Total,Total,Total,Quinto,Total,Total,
CSOC_03,IE Aranjuez,Quinto,datos,CSOC_03,117001006287,,Total,Total,Total,Quinto,Total,Total,
CSOC_03,IE Atanasio Girardot,Quinto,datos,CSOC_03,117001000653,,Total,Total,Total,Quinto,Total,Total,
CSOC_03,IE Bosques del Norte,Quinto,datos,CSOC_03,117001005990,,Total,Total,Total,Quinto,Total,Total,
CSOC_03,IE Chipre,Quinto,datos,CSOC_03,117001000157,,Total,Total,Total,Quinto,Total,Total,
CSOC_03,IE Colegio de Cristo,Quinto,datos,CSOC_03,317001000075,,Total,Total,Total,Quinto,Total,Total,
CSOC_03,IE Colegio Perpetuo Socorro,Quinto,datos,CSOC_03,117001002087,,Total,Total,Total,Quinto,Total,Total,
CSOC_03,IE Divina Providencia,Quinto,datos,CSOC_03,117001001161,,Total,Total,Total,Quinto,Total,Total,
CSOC_03,IE Escuela Nacional Auxiliar de Enfermeria,Quinto,datos,CSOC_03,117001003822,,Total,Total,Total,Quinto,Total,Total,
CSOC_03,IE Estambul,Quinto,datos,CSOC_03,117001004934,,Total,Total,Total,Quinto,Total,Total,
CSOC_03,IE Eugenio Pacelli,Quinto,datos,CSOC_03,117001000602,,Total,Total,Total,Quinto,Total,Total,
CSOC_03,IE Fe y Alegria La Paz,Quinto,datos,CSOC_03,117001005981,,Total,Total,Total,Quinto,Total,Total,
CSOC_03,IE Francisco Jose de Caldas,Quinto,datos,CSOC_03,117001006155,,Total,Total,Total,Quinto,Total,Total,
CSOC_03,IE Gran Colombia,Quinto,datos,CSOC_03,117001000572,,Total,Total,Total,Quinto,Total,Total,
CSOC_03,IE Inem Baldomero Sanin Cano,Quinto,datos,CSOC_03,117001002346,,Total,Total,Total,Quinto,Total,Total,
CSOC_03,IE Instituto Latinoamericano,Quinto,datos,CSOC_03,117001000611,,Total,Total,Total,Quinto,Total,Total,
CSOC_03,IE Instituto Manizales,Quinto,datos,CSOC_03,117001001919,,Total,Total,Total,Quinto,Total,Total,
CSOC_03,IE Instituto Universitario de Caldas,Quinto,datos,CSOC_03,117001001536,,Total,Total,Total,Quinto,Total,Total,
CSOC_03,IE La Asunción,Quinto,datos,CSOC_03,117001002737,,Total,Total,Total,Quinto,Total,Total,
CSOC_03,IE La Linda,Quinto,datos,CSOC_03,117001006112,,Total,Total,Total,Quinto,Total,Total,
CSOC_03,IE La Sultana,Quinto,datos,CSOC_03,117001006180,,Total,Total,Total,Quinto,Total,Total,
CSOC_03,IE Leon de Greiff,Quinto,datos,CSOC_03,117001002257,,Total,Total,Total,Quinto,Total,Total,
CSOC_03,IE Leonardo Da Vinci,Quinto,datos,CSOC_03,117001000998,,Total,Total,Total,Quinto,Total,Total,
CSOC_03,IE Liceo Isabel La Catolica,Quinto,datos,CSOC_03,117001001765,,Total,Total,Total,Quinto,Total,Total,
CSOC_03,IE Liceo Mixto Sinai,Quinto,datos,CSOC_03,117001005256,,Total,Total,Total,Quinto,Total,Total,
CSOC_03,IE Malabar,Quinto,datos,CSOC_03,117001002567,,Total,Total,Total,Quinto,Total,Total,
CSOC_03,IE Malteria,Quinto,datos,CSOC_03,117001002729,,Total,Total,Total,Quinto,Total,Total,
CSOC_03,IE Marco Fidel Suarez,Quinto,datos,CSOC_03,117001006902,,Total,Total,Total,Quinto,Total,Total,
CSOC_03,IE Normal Superior de Caldas,Quinto,datos,CSOC_03,117001001544,,Total,Total,Total,Quinto,Total,Total,
CSOC_03,IE Normal Superior de Manizales,Quinto,datos,CSOC_03,117001000165,,Total,Total,Total,Quinto,Total,Total,
CSOC_03,IE Pablo VI,Quinto,datos,CSOC_03,117001005965,,Total,Total,Total,Quinto,Total,Total,
CSOC_03,IE Rural Giovanni Montini,Quinto,datos,CSOC_03,217001002936,,Total,Total,Total,Quinto,Total,Total,
CSOC_03,IE Rural Granada,Quinto,datos,CSOC_03,217001001557,,Total,Total,Total,Quinto,Total,Total,
CSOC_03,IE Rural Jose Antonio Galan,Quinto,datos,CSOC_03,217001006133,,Total,Total,Total,Quinto,Total,Total,
CSOC_03,IE Rural La Violeta,Quinto,datos,CSOC_03,217001002065,,Total,Total,Total,Quinto,Total,Total,
CSOC_03,IE Rural Maria Goretti,Quinto,datos,CSOC_03,217001001085,,Total,Total,Total,Quinto,Total,Total,
CSOC_03,IE Rural Miguel Antonio Caro,Quinto,datos,CSOC_03,217001001182,,Total,Total,Total,Quinto,Total,Total,
CSOC_03,IE Rural San Peregrino,Quinto,datos,CSOC_03,217001006125,,Total,Total,Total,Quinto,Total,Total,
CSOC_03,IE Rural Serafico San Antonio de Padua,Quinto,datos,CSOC_03,217001000526,,Total,Total,Total,Quinto,Total,Total,
CSOC_03,IE San Jorge,Quinto,datos,CSOC_03,117001001251,,Total,Total,Total,Quinto,Total,Total,
CSOC_03,IE San Juan Bautista La Salle,Quinto,datos,CSOC_03,117001004438,,Total,Total,Total,Quinto,Total,Total,
CSOC_03,IE San Pio X,Quinto,datos,CSOC_03,117001002176,,Total,Total,Total,Quinto,Total,Total,
CSOC_03,IE San Sebastian,Quinto,datos,CSOC_03,117001800111,,Total,Total,Total,Quinto,Total,Total,
CSOC_03,IE Santo Domingo Savio,Quinto,datos,CSOC_03,117001005132,,Total,Total,Total,Quinto,Total,Total,
CSOC_03,IE Siete de Agosto,Quinto,datos,CSOC_03,117001000033,,Total,Total,Total,Quinto,Total,Total,
CSOC_03,IE Villa del Pilar,Quinto,datos,CSOC_03,117001005841,,Total,Total,Total,Quinto,Total,Total,
CSOC_03,IE Nuestra Señora de Fatima,Quinto,datos,CSOC_03,117001004373,,Total,Total,Total,Quinto,Total,Total,
CSOC_02,EA,Quinto,datos,CSOC_02,17001901,,Total,Total,Total,Quinto,Total,Total,
CSOC_01,EA,Quinto,datos,CSOC_01,17001901,,Total,Total,Total,Quinto,Total,Total,
CSOC_03,EA,Quinto,datos,CSOC_03,17001901,,Total,Total,Total,Quinto,Total,Total,
CSOC_02,No EA,Quinto,datos,CSOC_02,17001902,,Total,Total,Total,Quinto,Total,Total,
CSOC_01,No EA,Quinto,datos,CSOC_01,17001902,,Total,Total,Total,Quinto,Total,Total,
CSOC_03,No EA,Quinto,datos,CSOC_03,17001902,,Total,Total,Total,Quinto,Total,Total,
CSOC_02,Rural,Quinto,datos,CSOC_02,17001,,Total,Rural,Total,Quinto,Total,Total,
CSOC_01,Rural,Quinto,datos,CSOC_01,17001,,Total,Rural,Total,Quinto,Total,Total,
CSOC_03,Rural,Quinto,datos,CSOC_03,17001,,Total,Rural,Total,Quinto,Total,Total,
CSOC_02,Total,Quinto,datos,CSOC_02,17001,,Total,Total,Total,Quinto,Total,Total,
CSOC_01,Total,Quinto,datos,CSOC_01,17001,,Total,Total,Total,Quinto,Total,Total,
CSOC_03,Total,Quinto,datos,CSOC_03,17001,,Total,Total,Total,Quinto,Total,Total,
CSOC_02,IE Rural La Cabaña,Quinto,datos,CSOC_02,217001001581,,Total,Total,Total,Quinto,Total,Total,
CSOC_02,IE Mariscal Sucre,Quinto,datos,CSOC_02,117001002303,,Total,Total,Total,Quinto,Total,Total,
CSOC_02,IE Rural La Trinidad,Quinto,datos,CSOC_02,217001000275,,Total,Total,Total,Quinto,Total,Total,
CSOC_01,IE Rural La Cabaña,Quinto,datos,CSOC_01,217001001581,,Total,Total,Total,Quinto,Total,Total,
CSOC_01,IE Mariscal Sucre,Quinto,datos,CSOC_01,117001002303,,Total,Total,Total,Quinto,Total,Total,
CSOC_01,IE Rural La Trinidad,Quinto,datos,CSOC_01,217001000275,,Total,Total,Total,Quinto,Total,Total,
CSOC_03,IE Rural La Cabaña,Quinto,datos,CSOC_03,217001001581,,Total,Total,Total,Quinto,Total,Total,
CSOC_03,IE Mariscal Sucre,Quinto,datos,CSOC_03,117001002303,,Total,Total,Total,Quinto,Total,Total,
CSOC_03,IE Rural La Trinidad,Quinto,datos,CSOC_03,217001000275,,Total,Total,Total,Quinto,Total,Total,
CSOC_02,IE Adolfo Hoyos Ocampo,Media,datos,CSOC_02,117001006104,,Total,Total,Total,Media,Total,Total,
CSOC_02,IE Andres Bello,Media,datos,CSOC_02,117001001609,,Total,Total,Total,Media,Total,Total,
CSOC_02,IE Aranjuez,Media,datos,CSOC_02,117001006287,,Total,Total,Total,Media,Total,Total,
CSOC_02,IE Atanasio Girardot,Media,datos,CSOC_02,117001000653,,Total,Total,Total,Media,Total,Total,
CSOC_02,IE Bosques del Norte,Media,datos,CSOC_02,117001005990,,Total,Total,Total,Media,Total,Total,
CSOC_02,IE Chipre,Media,datos,CSOC_02,117001000157,,Total,Total,Total,Media,Total,Total,
CSOC_02,IE Colegio de Cristo,Media,datos,CSOC_02,317001000075,,Total,Total,Total,Media,Total,Total,
CSOC_02,IE Colegio Perpetuo Socorro,Media,datos,CSOC_02,117001002087,,Total,Total,Total,Media,Total,Total,
CSOC_02,IE Divina Providencia,Media,datos,CSOC_02,117001001161,,Total,Total,Total,Media,Total,Total,
CSOC_02,IE Escuela Nacional Auxiliar de Enfermeria,Media,datos,CSOC_02,117001003822,,Total,Total,Total,Media,Total,Total,
CSOC_02,IE Estambul,Media,datos,CSOC_02,117001004934,,Total,Total,Total,Media,Total,Total,
CSOC_02,IE Eugenio Pacelli,Media,datos,CSOC_02,117001000602,,Total,Total,Total,Media,Total,Total,
CSOC_02,IE Fe y Alegria La Paz,Media,datos,CSOC_02,117001005981,,Total,Total,Total,Media,Total,Total,
CSOC_02,IE Francisco Jose de Caldas,Media,datos,CSOC_02,117001006155,,Total,Total,Total,Media,Total,Total,
CSOC_02,IE Gran Colombia,Media,datos,CSOC_02,117001000572,,Total,Total,Total,Media,Total,Total,
CSOC_02,IE Inem Baldomero Sanin Cano,Media,datos,CSOC_02,117001002346,,Total,Total,Total,Media,Total,Total,
CSOC_02,IE Instituto Latinoamericano,Media,datos,CSOC_02,117001000611,,Total,Total,Total,Media,Total,Total,
CSOC_02,IE Instituto Manizales,Media,datos,CSOC_02,117001001919,,Total,Total,Total,Media,Total,Total,
CSOC_02,IE Instituto Universitario de Caldas,Media,datos,CSOC_02,117001001536,,Total,Total,Total,Media,Total,Total,
CSOC_02,IE La Asunción,Media,datos,CSOC_02,117001002737,,Total,Total,Total,Media,Total,Total,
CSOC_02,IE La Linda,Media,datos,CSOC_02,117001006112,,Total,Total,Total,Media,Total,Total,
CSOC_02,IE La Sultana,Media,datos,CSOC_02,117001006180,,Total,Total,Total,Media,Total,Total,
CSOC_02,IE Leon de Greiff,Media,datos,CSOC_02,117001002257,,Total,Total,Total,Media,Total,Total,
CSOC_02,IE Leonardo Da Vinci,Media,datos,CSOC_02,117001000998,,Total,Total,Total,Media,Total,Total,
CSOC_02,IE Liceo Isabel La Catolica,Media,datos,CSOC_02,117001001765,,Total,Total,Total,Media,Total,Total,
CSOC_02,IE Liceo Mixto Sinai,Media,datos,CSOC_02,117001005256,,Total,Total,Total,Media,Total,Total,
CSOC_02,IE Malabar,Media,datos,CSOC_02,117001002567,,Total,Total,Total,Media,Total,Total,
CSOC_02,IE Malteria,Media,datos,CSOC_02,117001002729,,Total,Total,Total,Media,Total,Total,
CSOC_02,IE Marco Fidel Suarez,Media,datos,CSOC_02,117001006902,,Total,Total,Total,Media,Total,Total,
CSOC_02,IE Normal Superior de Caldas,Media,datos,CSOC_02,117001001544,,Total,Total,Total,Media,Total,Total,
CSOC_02,IE Normal Superior de Manizales,Media,datos,CSOC_02,117001000165,,Total,Total,Total,Media,Total,Total,
CSOC_02,IE Pablo VI,Media,datos,CSOC_02,117001005965,,Total,Total,Total,Media,Total,Total,
CSOC_02,IE Rural Giovanni Montini,Media,datos,CSOC_02,217001002936,,Total,Total,Total,Media,Total,Total,
CSOC_02,IE Rural Granada,Media,datos,CSOC_02,217001001557,,Total,Total,Total,Media,Total,Total,
CSOC_02,IE Rural Jose Antonio Galan,Media,datos,CSOC_02,217001006133,,Total,Total,Total,Media,Total,Total,
CSOC_02,IE Rural La Cabaña,Media,datos,CSOC_02,217001001581,,Total,Total,Total,Media,Total,Total,
CSOC_02,IE Rural La Violeta,Media,datos,CSOC_02,217001002065,,Total,Total,Total,Media,Total,Total,
CSOC_02,IE Rural Maria Goretti,Media,datos,CSOC_02,217001001085,,Total,Total,Total,Media,Total,Total,
CSOC_02,IE Rural Miguel Antonio Caro,Media,datos,CSOC_02,217001001182,,Total,Total,Total,Media,Total,Total,
CSOC_02,IE Rural San Peregrino,Media,datos,CSOC_02,217001006125,,Total,Total,Total,Media,Total,Total,
CSOC_02,IE Rural Serafico San Antonio de Padua,Media,datos,CSOC_02,217001000526,,Total,Total,Total,Media,Total,Total,
CSOC_02,IE San Jorge,Media,datos,CSOC_02,117001001251,,Total,Total,Total,Media,Total,Total,
CSOC_02,IE San Juan Bautista La Salle,Media,datos,CSOC_02,117001004438,,Total,Total,Total,Media,Total,Total,
CSOC_02,IE San Pio X,Media,datos,CSOC_02,117001002176,,Total,Total,Total,Media,Total,Total,
CSOC_02,IE San Sebastian,Media,datos,CSOC_02,117001800111,,Total,Total,Total,Media,Total,Total,
CSOC_02,IE Santo Domingo Savio,Media,datos,CSOC_02,117001005132,,Total,Total,Total,Media,Total,Total,
CSOC_02,IE Siete de Agosto,Media,datos,CSOC_02,117001000033,,Total,Total,Total,Media,Total,Total,
CSOC_02,IE Villa del Pilar,Media,datos,CSOC_02,117001005841,,Total,Total,Total,Media,Total,Total,
CSOC_02,IE Mariscal Sucre,Media,datos,CSOC_02,117001002303,,Total,Total,Total,Media,Total,Total,
CSOC_02,IE Rural La Trinidad,Media,datos,CSOC_02,217001000275,,Total,Total,Total,Media,Total,Total,
CSOC_02,IE Nuestra Señora de Fatima,Media,datos,CSOC_02,117001004373,,Total,Total,Total,Media,Total,Total,
CSOC_01,IE Adolfo Hoyos Ocampo,Media,datos,CSOC_01,117001006104,,Total,Total,Total,Media,Total,Total,
CSOC_01,IE Andres Bello,Media,datos,CSOC_01,117001001609,,Total,Total,Total,Media,Total,Total,
CSOC_01,IE Aranjuez,Media,datos,CSOC_01,117001006287,,Total,Total,Total,Media,Total,Total,
CSOC_01,IE Atanasio Girardot,Media,datos,CSOC_01,117001000653,,Total,Total,Total,Media,Total,Total,
CSOC_01,IE Bosques del Norte,Media,datos,CSOC_01,117001005990,,Total,Total,Total,Media,Total,Total,
CSOC_01,IE Chipre,Media,datos,CSOC_01,117001000157,,Total,Total,Total,Media,Total,Total,
CSOC_01,IE Colegio de Cristo,Media,datos,CSOC_01,317001000075,,Total,Total,Total,Media,Total,Total,
CSOC_01,IE Colegio Perpetuo Socorro,Media,datos,CSOC_01,117001002087,,Total,Total,Total,Media,Total,Total,
CSOC_01,IE Divina Providencia,Media,datos,CSOC_01,117001001161,,Total,Total,Total,Media,Total,Total,
CSOC_01,IE Escuela Nacional Auxiliar de Enfermeria,Media,datos,CSOC_01,117001003822,,Total,Total,Total,Media,Total,Total,
CSOC_01,IE Estambul,Media,datos,CSOC_01,117001004934,,Total,Total,Total,Media,Total,Total,
CSOC_01,IE Eugenio Pacelli,Media,datos,CSOC_01,117001000602,,Total,Total,Total,Media,Total,Total,
CSOC_01,IE Fe y Alegria La Paz,Media,datos,CSOC_01,117001005981,,Total,Total,Total,Media,Total,Total,
CSOC_01,IE Francisco Jose de Caldas,Media,datos,CSOC_01,117001006155,,Total,Total,Total,Media,Total,Total,
CSOC_01,IE Gran Colombia,Media,datos,CSOC_01,117001000572,,Total,Total,Total,Media,Total,Total,
CSOC_01,IE Inem Baldomero Sanin Cano,Media,datos,CSOC_01,117001002346,,Total,Total,Total,Media,Total,Total,
CSOC_01,IE Instituto Latinoamericano,Media,datos,CSOC_01,117001000611,,Total,Total,Total,Media,Total,Total,
CSOC_01,IE Instituto Manizales,Media,datos,CSOC_01,117001001919,,Total,Total,Total,Media,Total,Total,
CSOC_01,IE Instituto Universitario de Caldas,Media,datos,CSOC_01,117001001536,,Total,Total,Total,Media,Total,Total,
CSOC_01,IE La Asunción,Media,datos,CSOC_01,117001002737,,Total,Total,Total,Media,Total,Total,
CSOC_01,IE La Linda,Media,datos,CSOC_01,117001006112,,Total,Total,Total,Media,Total,Total,
CSOC_01,IE La Sultana,Media,datos,CSOC_01,117001006180,,Total,Total,Total,Media,Total,Total,
CSOC_01,IE Leon de Greiff,Media,datos,CSOC_01,117001002257,,Total,Total,Total,Media,Total,Total,
CSOC_01,IE Leonardo Da Vinci,Media,datos,CSOC_01,117001000998,,Total,Total,Total,Media,Total,Total,
CSOC_01,IE Liceo Isabel La Catolica,Media,datos,CSOC_01,117001001765,,Total,Total,Total,Media,Total,Total,
CSOC_01,IE Liceo Mixto Sinai,Media,datos,CSOC_01,117001005256,,Total,Total,Total,Media,Total,Total,
CSOC_01,IE Malabar,Media,datos,CSOC_01,117001002567,,Total,Total,Total,Media,Total,Total,
CSOC_01,IE Malteria,Media,datos,CSOC_01,117001002729,,Total,Total,Total,Media,Total,Total,
CSOC_01,IE Marco Fidel Suarez,Media,datos,CSOC_01,117001006902,,Total,Total,Total,Media,Total,Total,
CSOC_01,IE Normal Superior de Caldas,Media,datos,CSOC_01,117001001544,,Total,Total,Total,Media,Total,Total,
CSOC_01,IE Normal Superior de Manizales,Media,datos,CSOC_01,117001000165,,Total,Total,Total,Media,Total,Total,
CSOC_01,IE Pablo VI,Media,datos,CSOC_01,117001005965,,Total,Total,Total,Media,Total,Total,
CSOC_01,IE Rural Giovanni Montini,Media,datos,CSOC_01,217001002936,,Total,Total,Total,Media,Total,Total,
CSOC_01,IE Rural Granada,Media,datos,CSOC_01,217001001557,,Total,Total,Total,Media,Total,Total,
CSOC_01,IE Rural Jose Antonio Galan,Media,datos,CSOC_01,217001006133,,Total,Total,Total,Media,Total,Total,
CSOC_01,IE Rural La Cabaña,Media,datos,CSOC_01,217001001581,,Total,Total,Total,Media,Total,Total,
CSOC_01,IE Rural La Violeta,Media,datos,CSOC_01,217001002065,,Total,Total,Total,Media,Total,Total,
CSOC_01,IE Rural Maria Goretti,Media,datos,CSOC_01,217001001085,,Total,Total,Total,Media,Total,Total,
CSOC_01,IE Rural Miguel Antonio Caro,Media,datos,CSOC_01,217001001182,,Total,Total,Total,Media,Total,Total,
CSOC_01,IE Rural San Peregrino,Media,datos,CSOC_01,217001006125,,Total,Total,Total,Media,Total,Total,
CSOC_01,IE Rural Serafico San Antonio de Padua,Media,datos,CSOC_01,217001000526,,Total,Total,Total,Media,Total,Total,
CSOC_01,IE San Jorge,Media,datos,CSOC_01,117001001251,,Total,Total,Total,Media,Total,Total,
CSOC_01,IE San Juan Bautista La Salle,Media,datos,CSOC_01,117001004438,,Total,Total,Total,Media,Total,Total,
CSOC_01,IE San Pio X,Media,datos,CSOC_01,117001002176,,Total,Total,Total,Media,Total,Total,
CSOC_01,IE San Sebastian,Media,datos,CSOC_01,117001800111,,Total,Total,Total,Media,Total,Total,
CSOC_01,IE Santo Domingo Savio,Media,datos,CSOC_01,117001005132,,Total,Total,Total,Media,Total,Total,
CSOC_01,IE Siete de Agosto,Media,datos,CSOC_01,117001000033,,Total,Total,Total,Media,Total,Total,
CSOC_01,IE Villa del Pilar,Media,datos,CSOC_01,117001005841,,Total,Total,Total,Media,Total,Total,
CSOC_01,IE Mariscal Sucre,Media,datos,CSOC_01,117001002303,,Total,Total,Total,Media,Total,Total,
CSOC_01,IE Rural La Trinidad,Media,datos,CSOC_01,217001000275,,Total,Total,Total,Media,Total,Total,
CSOC_01,IE Nuestra Señora de Fatima,Media,datos,CSOC_01,117001004373,,Total,Total,Total,Media,Total,Total,
CSOC_03,IE Adolfo Hoyos Ocampo,Media,datos,CSOC_03,117001006104,,Total,Total,Total,Media,Total,Total,
CSOC_03,IE Andres Bello,Media,datos,CSOC_03,117001001609,,Total,Total,Total,Media,Total,Total,
CSOC_03,IE Aranjuez,Media,datos,CSOC_03,117001006287,,Total,Total,Total,Media,Total,Total,
CSOC_03,IE Atanasio Girardot,Media,datos,CSOC_03,117001000653,,Total,Total,Total,Media,Total,Total,
CSOC_03,IE Bosques del Norte,Media,datos,CSOC_03,117001005990,,Total,Total,Total,Media,Total,Total,
CSOC_03,IE Chipre,Media,datos,CSOC_03,117001000157,,Total,Total,Total,Media,Total,Total,
CSOC_03,IE Colegio de Cristo,Media,datos,CSOC_03,317001000075,,Total,Total,Total,Media,Total,Total,
CSOC_03,IE Colegio Perpetuo Socorro,Media,datos,CSOC_03,117001002087,,Total,Total,Total,Media,Total,Total,
CSOC_03,IE Divina Providencia,Media,datos,CSOC_03,117001001161,,Total,Total,Total,Media,Total,Total,
CSOC_03,IE Escuela Nacional Auxiliar de Enfermeria,Media,datos,CSOC_03,117001003822,,Total,Total,Total,Media,Total,Total,
CSOC_03,IE Estambul,Media,datos,CSOC_03,117001004934,,Total,Total,Total,Media,Total,Total,
CSOC_03,IE Eugenio Pacelli,Media,datos,CSOC_03,117001000602,,Total,Total,Total,Media,Total,Total,
CSOC_03,IE Fe y Alegria La Paz,Media,datos,CSOC_03,117001005981,,Total,Total,Total,Media,Total,Total,
CSOC_03,IE Francisco Jose de Caldas,Media,datos,CSOC_03,117001006155,,Total,Total,Total,Media,Total,Total,
CSOC_03,IE Gran Colombia,Media,datos,CSOC_03,117001000572,,Total,Total,Total,Media,Total,Total,
CSOC_03,IE Inem Baldomero Sanin Cano,Media,datos,CSOC_03,117001002346,,Total,Total,Total,Media,Total,Total,
CSOC_03,IE Instituto Latinoamericano,Media,datos,CSOC_03,117001000611,,Total,Total,Total,Media,Total,Total,
CSOC_03,IE Instituto Manizales,Media,datos,CSOC_03,117001001919,,Total,Total,Total,Media,Total,Total,
CSOC_03,IE Instituto Universitario de Caldas,Media,datos,CSOC_03,117001001536,,Total,Total,Total,Media,Total,Total,
CSOC_03,IE La Asunción,Media,datos,CSOC_03,117001002737,,Total,Total,Total,Media,Total,Total,
CSOC_03,IE La Linda,Media,datos,CSOC_03,117001006112,,Total,Total,Total,Media,Total,Total,
CSOC_03,IE La Sultana,Media,datos,CSOC_03,117001006180,,Total,Total,Total,Media,Total,Total,
CSOC_03,IE Leon de Greiff,Media,datos,CSOC_03,117001002257,,Total,Total,Total,Media,Total,Total,
CSOC_03,IE Leonardo Da Vinci,Media,datos,CSOC_03,117001000998,,Total,Total,Total,Media,Total,Total,
CSOC_03,IE Liceo Isabel La Catolica,Media,datos,CSOC_03,117001001765,,Total,Total,Total,Media,Total,Total,
CSOC_03,IE Liceo Mixto Sinai,Media,datos,CSOC_03,117001005256,,Total,Total,Total,Media,Total,Total,
CSOC_03,IE Malabar,Media,datos,CSOC_03,117001002567,,Total,Total,Total,Media,Total,Total,
CSOC_03,IE Malteria,Media,datos,CSOC_03,117001002729,,Total,Total,Total,Media,Total,Total,
CSOC_03,IE Marco Fidel Suarez,Media,datos,CSOC_03,117001006902,,Total,Total,Total,Media,Total,Total,
CSOC_03,IE Normal Superior de Caldas,Media,datos,CSOC_03,117001001544,,Total,Total,Total,Media,Total,Total,
CSOC_03,IE Normal Superior de Manizales,Media,datos,CSOC_03,117001000165,,Total,Total,Total,Media,Total,Total,
CSOC_03,IE Pablo VI,Media,datos,CSOC_03,117001005965,,Total,Total,Total,Media,Total,Total,
CSOC_03,IE Rural Giovanni Montini,Media,datos,CSOC_03,217001002936,,Total,Total,Total,Media,Total,Total,
CSOC_03,IE Rural Granada,Media,datos,CSOC_03,217001001557,,Total,Total,Total,Media,Total,Total,
CSOC_03,IE Rural Jose Antonio Galan,Media,datos,CSOC_03,217001006133,,Total,Total,Total,Media,Total,Total,
CSOC_03,IE Rural La Cabaña,Media,datos,CSOC_03,217001001581,,Total,Total,Total,Media,Total,Total,
CSOC_03,IE Rural La Violeta,Media,datos,CSOC_03,217001002065,,Total,Total,Total,Media,Total,Total,
CSOC_03,IE Rural Maria Goretti,Media,datos,CSOC_03,217001001085,,Total,Total,Total,Media,Total,Total,
CSOC_03,IE Rural Miguel Antonio Caro,Media,datos,CSOC_03,217001001182,,Total,Total,Total,Media,Total,Total,
CSOC_03,IE Rural San Peregrino,Media,datos,CSOC_03,217001006125,,Total,Total,Total,Media,Total,Total,
CSOC_03,IE Rural Serafico San Antonio de Padua,Media,datos,CSOC_03,217001000526,,Total,Total,Total,Media,Total,Total,
CSOC_03,IE San Jorge,Media,datos,CSOC_03,117001001251,,Total,Total,Total,Media,Total,Total,
CSOC_03,IE San Juan Bautista La Salle,Media,datos,CSOC_03,117001004438,,Total,Total,Total,Media,Total,Total,
CSOC_03,IE San Pio X,Media,datos,CSOC_03,117001002176,,Total,Total,Total,Media,Total,Total,
CSOC_03,IE San Sebastian,Media,datos,CSOC_03,117001800111,,Total,Total,Total,Media,Total,Total,
CSOC_03,IE Santo Domingo Savio,Media,datos,CSOC_03,117001005132,,Total,Total,Total,Media,Total,Total,
CSOC_03,IE Siete de Agosto,Media,datos,CSOC_03,117001000033,,Total,Total,Total,Media,Total,Total,
CSOC_03,IE Villa del Pilar,Media,datos,CSOC_03,117001005841,,Total,Total,Total,Media,Total,Total,
CSOC_03,IE Mariscal Sucre,Media,datos,CSOC_03,117001002303,,Total,Total,Total,Media,Total,Total,
CSOC_03,IE Rural La Trinidad,Media,datos,CSOC_03,217001000275,,Total,Total,Total,Media,Total,Total,
CSOC_03,IE Nuestra Señora de Fatima,Media,datos,CSOC_03,117001004373,,Total,Total,Total,Media,Total,Total,
CSOC_02,EA,Media,datos,CSOC_02,17001901,,Total,Total,Total,Media,Total,Total,
CSOC_01,EA,Media,datos,CSOC_01,17001901,,Total,Total,Total,Media,Total,Total,
CSOC_03,EA,Media,datos,CSOC_03,17001901,,Total,Total,Total,Media,Total,Total,
CSOC_02,No EA,Media,datos,CSOC_02,17001902,,Total,Total,Total,Media,Total,Total,
CSOC_01,No EA,Media,datos,CSOC_01,17001902,,Total,Total,Total,Media,Total,Total,
CSOC_03,No EA,Media,datos,CSOC_03,17001902,,Total,Total,Total,Media,Total,Total,
CSOC_02,Rural,Media,datos,CSOC_02,17001,,Total,Rural,Total,Media,Total,Total,
CSOC_01,Rural,Media,datos,CSOC_01,17001,,Total,Rural,Total,Media,Total,Total,
CSOC_03,Rural,Media,datos,CSOC_03,17001,,Total,Rural,Total,Media,Total,Total,
CSOC_02,Total,Media,datos,CSOC_02,17001,,Total,Total,Total,Media,Total,Total,
CSOC_01,Total,Media,datos,CSOC_01,17001,,Total,Total,Total,Media,Total,Total,
CSOC_03,Total,Media,datos,CSOC_03,17001,,Total,Total,Total,Media,Total,Total,
UTC_01,Total,,datos,UTC_01,igual,,Total,Total,Total,Total,Total,Total,
CSOC_01,IE San Juan Bautista de la Salle,Media,datos,CSOC_01,117001004438,,Total,Total,Total,Media,Total,Total,
CSOC_02,IE San Juan Bautista de la Salle,Media,datos,CSOC_02,117001004438,,Total,Total,Total,Media,Total,Total,
CSOC_03,IE San Juan Bautista de la Salle,Media,datos,CSOC_03,117001004438,,Total,Total,Total,Media,Total,Total,
CSOC_01,IE San Juan Bautista de la Salle,Quinto,datos,CSOC_01,117001004438,,Total,Total,Total,Quinto,Total,Total,
CSOC_02,IE San Juan Bautista de la Salle,Quinto,datos,CSOC_02,117001004438,,Total,Total,Total,Quinto,Total,Total,
CSOC_03,IE San Juan Bautista de la Salle,Quinto,datos,CSOC_03,117001004438,,Total,Total,Total,Quinto,Total,Total,
MLJ_09,Total,,datos,MLJ_09,igual,,Total,Total,Total,Total,Total,Total,
MLJ_08,Total,,datos,MLJ_08,igual,,Total,Total,Total,Total,Total,Total,
MLJ_07,Total,,datos,MLJ_07,igual,,Total,Total,Total,Total,Total,Total,
MLJ_04,Total,,datos,MLJ_04,igual,,Total,Total,Total,Total,Total,Total,
MLJ_01,Total,,datos,MLJ_01,igual,,Total,Total,Total,Total,Total,Total,
MLJ_06,Total,,datos,MLJ_06,igual,,Total,Total,Total,Total,Total,Total,
MLJ_03,Total,,datos,MLJ_03,igual,,Total,Total,Total,Total,Total,Total,
MLJ_05,Total,,datos,MLJ_05,igual,,Total,Total,Total,Total,Total,Total,
SABER_07,Planteles oficiales,,datos,SABER_07,igual,,Total,Total,Oficial,Total,Total,Total,
SABER_07,Planteles privados,,datos,SABER_07,igual,,Total,Total,No oficial,Total,Total,Total,
SABER_07,Total,,datos,SABER_07,igual,,Total,Total,Total,Total,Total,Total,
CV_05,Total,,datos,CV_05,igual,,Total,Total,Total,Total,Total,Total,
ML_01,Total,,datos,ML_01,igual,,Total,Total,Total,Total,Total,Total,
ML_02,Total,,datos,ML_02,igual,,Total,Total,Total,Total,Total,Total,
ML_03,Total,,datos,ML_02,igual,,Mujer,Total,Total,Total,Total,Total,
ML_04,Total,,datos,ML_04,igual,,Total,Total,Total,Total,Total,Total,
ECO_01,Total,,datos,ECO_01,igual,,Total,Total,Total,Total,Total,Total,
ECO_02,Total,,datos,ECO_02,igual,,Total,Total,Total,Total,Total,Total,
CV_02,Total,,datos,CV_02,igual,,Total,Total,Total,Total,Total,Total,
CV_03,Total,,datos,CV_03,igual,,Total,Total,Total,Total,Total,Total,
CV_01,Total,,datos,CV_01,igual,,Total,Total,Total,Total,Total,Total,
GP_01,Inversión total,Manizales Cómo vamos,datos_gestion,GP_01,igual,P034,Total,Total,Total,Total,Total,Total,
GP_01,Inversión total,Visitación,datos_gestion,GP_01,igual,P046,Total,Total,Total,Total,Total,Total,
GP_01,Inversión total,vocaciones,datos_gestion,GP_01,igual,P048,Total,Total,Total,Total,Total,Total,
GP_01,Inversión total,Adoratrices,datos_gestion,GP_01,igual,P002,Total,Total,Total,Total,Total,Total,
GP_01,Inversión total,Ravasco,datos_gestion,GP_01,igual,P041,Total,Total,Total,Total,Total,Total,
GP_01,Inversión total,Batuta,datos_gestion,GP_01,igual,P008,Total,Total,Total,Total,Total,Total,
GP_01,Inversión total,Betania - vivienda,datos_gestion,GP_01,igual,P009,Total,Total,Total,Total,Total,Total,
GP_01,Inversión total,Alejandra Velez,datos_gestion,GP_01,igual,P003,Total,Total,Total,Total,Total,Total,
GP_01,Inversión total,Fortalecimiento de las unidades neonatal y de gastro enterología clínico  - quirúrgica en los servicios especiales de salud del hospital de caldas,datos_gestion,GP_01,igual,P020,Total,Total,Total,Total,Total,Total,
GP_01,Inversión total,Fundación San Ezequiel Moreno,datos_gestion,GP_01,igual,P021,Total,Total,Total,Total,Total,Total,
GP_01,Inversión total,Nutrir,datos_gestion,GP_01,igual,P036,Total,Total,Total,Total,Total,Total,
GP_01,Inversión total,Estoy con Manizales,datos_gestion,GP_01,igual,P017,Total,Total,Total,Total,Total,Total,
GP_01,Inversión total,Investigación de cáncer Colorrectal,datos_gestion,GP_01,igual,P031,Total,Total,Total,Total,Total,Total,
GP_01,Inversión total,Otras Iniciativas de Ciudad,datos_gestion,GP_01,igual,P037,Total,Total,Total,Total,Total,Total,
GP_01,Inversión total,Ceder,datos_gestion,GP_01,igual,P010,Total,Total,Total,Total,Total,Total,
GP_01,Inversión total,"Alimentamor
CDI LA LIBIA",datos_gestion,GP_01,igual,P004,Total,Total,Total,Total,Total,Total,
GP_01,Inversión total,Hogares de Adulto Mayor,datos_gestion,GP_01,igual,P029,Total,Total,Total,Total,Total,Total,
GP_01,Inversión total,Betania,datos_gestion,GP_01,igual,P009,Total,Total,Total,Total,Total,Total,
GP_01,Inversión total,"Alimentamor + Gestar
CDI La LIBIA",datos_gestion,GP_01,igual,P004,Total,Total,Total,Total,Total,Total,
GP_01,Inversión total,"Gestar Futuro
CDI LA LIBIA",datos_gestion,GP_01,igual,P026,Total,Total,Total,Total,Total,Total,
GP_01,Inversión total,Me Cuido Activo Manizales,datos_gestion,GP_01,igual,P035,Total,Total,Total,Total,Total,Total,
GP_01,Inversión total,Estoy con Manizales y Manizales Campus Universitario,datos_gestion,GP_01,igual,P018,Total,Total,Total,Total,Total,Total,
GP_01,Inversión total,VIVO,datos_gestion,GP_01,igual,P047,Total,Total,Total,Total,Total,Total,
GP_01,Inversión total,Gestar Futuro,datos_gestion,GP_01,igual,P023,Total,Total,Total,Total,Total,Total,
GP_01,Inversión total,"VIVO
Unidad de Oncologia del SES",datos_gestion,GP_01,igual,P047,Total,Total,Total,Total,Total,Total,
GP_01,Inversión total,"Gestar Futuro

Alianza Primero la Infancia",datos_gestion,GP_01,igual,P024,Total,Total,Total,Total,Total,Total,
GP_01,Inversión total,"VIVO

Unidad de Oncologia del SES",datos_gestion,GP_01,igual,P047,Total,Total,Total,Total,Total,Total,
GP_01,Inversión total,"Gestar Futuro

Alianza Primero la Infancia

Centro demostrativo para la primera infancia",datos_gestion,GP_01,igual,P025,Total,Total,Total,Total,Total,Total,
GP_01,Inversión con recursos propios,Manizales Cómo vamos,datos_gestion,GP_04,igual,P034,Total,Total,Total,Total,Total,Total,
GP_01,Inversión con recursos propios,Visitación,datos_gestion,GP_04,igual,P046,Total,Total,Total,Total,Total,Total,
GP_01,Inversión con recursos propios,vocaciones,datos_gestion,GP_04,igual,P048,Total,Total,Total,Total,Total,Total,
GP_01,Inversión con recursos propios,Adoratrices,datos_gestion,GP_04,igual,P002,Total,Total,Total,Total,Total,Total,
GP_01,Inversión con recursos propios,Ravasco,datos_gestion,GP_04,igual,P041,Total,Total,Total,Total,Total,Total,
GP_01,Inversión con recursos propios,Batuta,datos_gestion,GP_04,igual,P008,Total,Total,Total,Total,Total,Total,
GP_01,Inversión con recursos propios,Betania - vivienda,datos_gestion,GP_04,igual,P009,Total,Total,Total,Total,Total,Total,
GP_01,Inversión con recursos propios,Alejandra Velez,datos_gestion,GP_04,igual,P003,Total,Total,Total,Total,Total,Total,
GP_01,Inversión con recursos propios,Fortalecimiento de las unidades neonatal y de gastro enterología clínico  - quirúrgica en los servicios especiales de salud del hospital de caldas,datos_gestion,GP_04,igual,P020,Total,Total,Total,Total,Total,Total,
GP_01,Inversión con recursos propios,Fundación San Ezequiel Moreno,datos_gestion,GP_04,igual,P021,Total,Total,Total,Total,Total,Total,
GP_01,Inversión con recursos propios,Nutrir,datos_gestion,GP_04,igual,P036,Total,Total,Total,Total,Total,Total,
GP_01,Inversión con recursos propios,Estoy con Manizales,datos_gestion,GP_04,igual,P017,Total,Total,Total,Total,Total,Total,
GP_01,Inversión con recursos propios,Investigación de cáncer Colorrectal,datos_gestion,GP_04,igual,P031,Total,Total,Total,Total,Total,Total,
GP_01,Inversión con recursos propios,Otras Iniciativas de Ciudad,datos_gestion,GP_04,igual,P037,Total,Total,Total,Total,Total,Total,
GP_01,Inversión con recursos propios,Ceder,datos_gestion,GP_04,igual,P010,Total,Total,Total,Total,Total,Total,
GP_01,Inversión con recursos propios,"Alimentamor
CDI LA LIBIA",datos_gestion,GP_04,igual,P004,Total,Total,Total,Total,Total,Total,
GP_01,Inversión con recursos propios,Hogares de Adulto Mayor,datos_gestion,GP_04,igual,P029,Total,Total,Total,Total,Total,Total,
GP_01,Inversión con recursos propios,Betania,datos_gestion,GP_04,igual,P009,Total,Total,Total,Total,Total,Total,
GP_01,Inversión con recursos propios,"Alimentamor + Gestar
CDI La LIBIA",datos_gestion,GP_04,igual,P004,Total,Total,Total,Total,Total,Total,
GP_01,Inversión con recursos propios,"Gestar Futuro
CDI LA LIBIA",datos_gestion,GP_04,igual,P026,Total,Total,Total,Total,Total,Total,
GP_01,Inversión con recursos propios,Me Cuido Activo Manizales,datos_gestion,GP_04,igual,P035,Total,Total,Total,Total,Total,Total,
GP_01,Inversión con recursos propios,Estoy con Manizales y Manizales Campus Universitario,datos_gestion,GP_04,igual,P018,Total,Total,Total,Total,Total,Total,
GP_01,Inversión con recursos propios,VIVO,datos_gestion,GP_04,igual,P047,Total,Total,Total,Total,Total,Total,
GP_01,Inversión con recursos propios,Gestar Futuro,datos_gestion,GP_04,igual,P023,Total,Total,Total,Total,Total,Total,
GP_01,Inversión con recursos propios,"VIVO
Unidad de Oncologia del SES",datos_gestion,GP_04,igual,P047,Total,Total,Total,Total,Total,Total,
GP_01,Inversión con recursos propios,"Gestar Futuro

Alianza Primero la Infancia",datos_gestion,GP_04,igual,P024,Total,Total,Total,Total,Total,Total,
GP_01,Inversión con recursos propios,"VIVO

Unidad de Oncologia del SES",datos_gestion,GP_04,igual,P047,Total,Total,Total,Total,Total,Total,
GP_01,Inversión con recursos propios,"Gestar Futuro

Alianza Primero la Infancia

Centro demostrativo para la primera infancia",datos_gestion,GP_04,igual,P025,Total,Total,Total,Total,Total,Total,
GP_01,Inversión con recursos de terceros,Manizales Cómo vamos,datos_gestion,GP_05,igual,P034,Total,Total,Total,Total,Total,Total,
GP_01,Inversión con recursos de terceros,Visitación,datos_gestion,GP_05,igual,P046,Total,Total,Total,Total,Total,Total,
GP_01,Inversión con recursos de terceros,vocaciones,datos_gestion,GP_05,igual,P048,Total,Total,Total,Total,Total,Total,
GP_01,Inversión con recursos de terceros,Adoratrices,datos_gestion,GP_05,igual,P002,Total,Total,Total,Total,Total,Total,
GP_01,Inversión con recursos de terceros,Ravasco,datos_gestion,GP_05,igual,P041,Total,Total,Total,Total,Total,Total,
GP_01,Inversión con recursos de terceros,Batuta,datos_gestion,GP_05,igual,P008,Total,Total,Total,Total,Total,Total,
GP_01,Inversión con recursos de terceros,Betania - vivienda,datos_gestion,GP_05,igual,P009,Total,Total,Total,Total,Total,Total,
GP_01,Inversión con recursos de terceros,Alejandra Velez,datos_gestion,GP_05,igual,P003,Total,Total,Total,Total,Total,Total,
GP_01,Inversión con recursos de terceros,Fortalecimiento de las unidades neonatal y de gastro enterología clínico  - quirúrgica en los servicios especiales de salud del hospital de caldas,datos_gestion,GP_05,igual,P020,Total,Total,Total,Total,Total,Total,
GP_01,Inversión con recursos de terceros,Fundación San Ezequiel Moreno,datos_gestion,GP_05,igual,P021,Total,Total,Total,Total,Total,Total,
GP_01,Inversión con recursos de terceros,Nutrir,datos_gestion,GP_05,igual,P036,Total,Total,Total,Total,Total,Total,
GP_01,Inversión con recursos de terceros,Estoy con Manizales,datos_gestion,GP_05,igual,P017,Total,Total,Total,Total,Total,Total,
GP_01,Inversión con recursos de terceros,Investigación de cáncer Colorrectal,datos_gestion,GP_05,igual,P031,Total,Total,Total,Total,Total,Total,
GP_01,Inversión con recursos de terceros,Otras Iniciativas de Ciudad,datos_gestion,GP_05,igual,P037,Total,Total,Total,Total,Total,Total,
GP_01,Inversión con recursos de terceros,Ceder,datos_gestion,GP_05,igual,P010,Total,Total,Total,Total,Total,Total,
GP_01,Inversión con recursos de terceros,"Alimentamor
CDI LA LIBIA",datos_gestion,GP_05,igual,P004,Total,Total,Total,Total,Total,Total,
GP_01,Inversión con recursos de terceros,Hogares de Adulto Mayor,datos_gestion,GP_05,igual,P029,Total,Total,Total,Total,Total,Total,
GP_01,Inversión con recursos de terceros,Betania,datos_gestion,GP_05,igual,P009,Total,Total,Total,Total,Total,Total,
GP_01,Inversión con recursos de terceros,"Alimentamor + Gestar
CDI La LIBIA",datos_gestion,GP_05,igual,P004,Total,Total,Total,Total,Total,Total,
GP_01,Inversión con recursos de terceros,"Gestar Futuro
CDI LA LIBIA",datos_gestion,GP_05,igual,P026,Total,Total,Total,Total,Total,Total,
GP_01,Inversión con recursos de terceros,Me Cuido Activo Manizales,datos_gestion,GP_05,igual,P035,Total,Total,Total,Total,Total,Total,
GP_01,Inversión con recursos de terceros,Estoy con Manizales y Manizales Campus Universitario,datos_gestion,GP_05,igual,P018,Total,Total,Total,Total,Total,Total,
GP_01,Inversión con recursos de terceros,VIVO,datos_gestion,GP_05,igual,P047,Total,Total,Total,Total,Total,Total,
GP_01,Inversión con recursos de terceros,Gestar Futuro,datos_gestion,GP_05,igual,P023,Total,Total,Total,Total,Total,Total,
GP_01,Inversión con recursos de terceros,"VIVO
Unidad de Oncologia del SES",datos_gestion,GP_05,igual,P047,Total,Total,Total,Total,Total,Total,
GP_01,Inversión con recursos de terceros,"Gestar Futuro

Alianza Primero la Infancia",datos_gestion,GP_05,igual,P024,Total,Total,Total,Total,Total,Total,
GP_01,Inversión con recursos de terceros,"VIVO

Unidad de Oncologia del SES",datos_gestion,GP_05,igual,P047,Total,Total,Total,Total,Total,Total,
GP_01,Inversión con recursos propios,La U en Tu Colegio,datos_gestion,GP_04,igual,P044,Total,Total,Total,Total,Total,Total,
GP_01,Inversión con recursos propios,Escuela Activa Urbana,datos_gestion,GP_04,igual,P016,Total,Total,Total,Total,Total,Total,
GP_01,Inversión con recursos propios,Aprende,datos_gestion,GP_04,igual,P007,Total,Total,Total,Total,Total,Total,
GP_01,Inversión con recursos de terceros,La U en Tu Colegio,datos_gestion,GP_05,igual,P044,Total,Total,Total,Total,Total,Total,
GP_01,Inversión con recursos de terceros,Escuela Activa Urbana,datos_gestion,GP_05,igual,P016,Total,Total,Total,Total,Total,Total,
GP_01,Inversión con recursos de terceros,Aprende,datos_gestion,GP_05,igual,P007,Total,Total,Total,Total,Total,Total,
GP_01,Inversión total,La U en Tu Colegio,datos_gestion,GP_01,igual,P044,Total,Total,Total,Total,Total,Total,
GP_01,Inversión total,Escuela Activa Urbana,datos_gestion,GP_01,igual,P016,Total,Total,Total,Total,Total,Total,
GP_01,Inversión total,Aprende,datos_gestion,GP_01,igual,P007,Total,Total,Total,Total,Total,Total,
GP_01,Inversión con recursos de terceros,Sueños de Chocolate,datos_gestion,GP_05,57,P043,Total,Total,Total,Total,Total,Total,Total del proyecto: pasa a cod_entidad 57 (Colombia)
GP_01,Inversión USAID,Sueños de Chocolate,datos_gestion,GP_06,57,P043,Total,Total,Total,Total,Total,Total,Total del proyecto: pasa a cod_entidad 57 (Colombia)
GP_01,Inversión total,Sueños de Chocolate,datos_gestion,GP_01,57,P043,Total,Total,Total,Total,Total,Total,Total del proyecto: pasa a cod_entidad 57 (Colombia)
GP_01,Inversión USAID,Agrado,datos_gestion,GP_06,igual,P043,Total,Total,Total,Total,Total,Total,Territorio del proyecto Sueños de Chocolate: el municipio va en cod_entidad
GP_01,Inversión USAID,Caceres,datos_gestion,GP_06,igual,P043,Total,Total,Total,Total,Total,Total,Territorio del proyecto Sueños de Chocolate: el municipio va en cod_entidad
GP_01,Inversión USAID,Campoalegre,datos_gestion,GP_06,igual,P043,Total,Total,Total,Total,Total,Total,Territorio del proyecto Sueños de Chocolate: el municipio va en cod_entidad
GP_01,Inversión USAID,Garzon,datos_gestion,GP_06,igual,P043,Total,Total,Total,Total,Total,Total,Territorio del proyecto Sueños de Chocolate: el municipio va en cod_entidad
GP_01,Inversión USAID,Gigante,datos_gestion,GP_06,igual,P043,Total,Total,Total,Total,Total,Total,Territorio del proyecto Sueños de Chocolate: el municipio va en cod_entidad
GP_01,Inversión USAID,Manizales,datos_gestion,GP_06,igual,P043,Total,Total,Total,Total,Total,Total,Territorio del proyecto Sueños de Chocolate: el municipio va en cod_entidad
GP_01,Inversión USAID,Montelibano,datos_gestion,GP_06,igual,P043,Total,Total,Total,Total,Total,Total,Territorio del proyecto Sueños de Chocolate: el municipio va en cod_entidad
GP_01,Inversión USAID,Necocli,datos_gestion,GP_06,igual,P043,Total,Total,Total,Total,Total,Total,Territorio del proyecto Sueños de Chocolate: el municipio va en cod_entidad
GP_01,Inversión USAID,Pital,datos_gestion,GP_06,igual,P043,Total,Total,Total,Total,Total,Total,Territorio del proyecto Sueños de Chocolate: el municipio va en cod_entidad
GP_01,Inversión USAID,Puerto Libertador,datos_gestion,GP_06,igual,P043,Total,Total,Total,Total,Total,Total,Territorio del proyecto Sueños de Chocolate: el municipio va en cod_entidad
GP_01,Inversión USAID,Rivera,datos_gestion,GP_06,igual,P043,Total,Total,Total,Total,Total,Total,Territorio del proyecto Sueños de Chocolate: el municipio va en cod_entidad
GP_01,Inversión USAID,San Pedro De Uraba,datos_gestion,GP_06,igual,P043,Total,Total,Total,Total,Total,Total,Territorio del proyecto Sueños de Chocolate: el municipio va en cod_entidad
GP_01,Inversión USAID,Tumaco,datos_gestion,GP_06,igual,P043,Total,Total,Total,Total,Total,Total,Territorio del proyecto Sueños de Chocolate: el municipio va en cod_entidad
GP_01,Inversión USAID,Turbo,datos_gestion,GP_06,igual,P043,Total,Total,Total,Total,Total,Total,Territorio del proyecto Sueños de Chocolate: el municipio va en cod_entidad
GP_01,Inversión USAID,Total,se elimina,GP_06,igual,P043,Total,Total,Total,Total,Total,Total,Repite el total del proyecto (fila Sueños de Chocolate) con una inversión total que no cuadra con terceros + USAID
GP_01,Inversión con recursos de terceros,Agrado,datos_gestion,GP_05,igual,P043,Total,Total,Total,Total,Total,Total,Territorio del proyecto Sueños de Chocolate: el municipio va en cod_entidad
GP_01,Inversión con recursos de terceros,Caceres,datos_gestion,GP_05,igual,P043,Total,Total,Total,Total,Total,Total,Territorio del proyecto Sueños de Chocolate: el municipio va en cod_entidad
GP_01,Inversión con recursos de terceros,Campoalegre,datos_gestion,GP_05,igual,P043,Total,Total,Total,Total,Total,Total,Territorio del proyecto Sueños de Chocolate: el municipio va en cod_entidad
GP_01,Inversión con recursos de terceros,Garzon,datos_gestion,GP_05,igual,P043,Total,Total,Total,Total,Total,Total,Territorio del proyecto Sueños de Chocolate: el municipio va en cod_entidad
GP_01,Inversión con recursos de terceros,Gigante,datos_gestion,GP_05,igual,P043,Total,Total,Total,Total,Total,Total,Territorio del proyecto Sueños de Chocolate: el municipio va en cod_entidad
GP_01,Inversión con recursos de terceros,Montelibano,datos_gestion,GP_05,igual,P043,Total,Total,Total,Total,Total,Total,Territorio del proyecto Sueños de Chocolate: el municipio va en cod_entidad
GP_01,Inversión con recursos de terceros,Necocli,datos_gestion,GP_05,igual,P043,Total,Total,Total,Total,Total,Total,Territorio del proyecto Sueños de Chocolate: el municipio va en cod_entidad
GP_01,Inversión con recursos de terceros,Pital,datos_gestion,GP_05,igual,P043,Total,Total,Total,Total,Total,Total,Territorio del proyecto Sueños de Chocolate: el municipio va en cod_entidad
GP_01,Inversión con recursos de terceros,Puerto Libertador,datos_gestion,GP_05,igual,P043,Total,Total,Total,Total,Total,Total,Territorio del proyecto Sueños de Chocolate: el municipio va en cod_entidad
GP_01,Inversión con recursos de terceros,Rivera,datos_gestion,GP_05,igual,P043,Total,Total,Total,Total,Total,Total,Territorio del proyecto Sueños de Chocolate: el municipio va en cod_entidad
GP_01,Inversión con recursos de terceros,San Pedro De Uraba,datos_gestion,GP_05,igual,P043,Total,Total,Total,Total,Total,Total,Territorio del proyecto Sueños de Chocolate: el municipio va en cod_entidad
GP_01,Inversión con recursos de terceros,Tumaco,datos_gestion,GP_05,igual,P043,Total,Total,Total,Total,Total,Total,Territorio del proyecto Sueños de Chocolate: el municipio va en cod_entidad
GP_01,Inversión con recursos de terceros,Turbo,datos_gestion,GP_05,igual,P043,Total,Total,Total,Total,Total,Total,Territorio del proyecto Sueños de Chocolate: el municipio va en cod_entidad
GP_01,Inversión con recursos de terceros,Total,se elimina,GP_05,igual,P043,Total,Total,Total,Total,Total,Total,Repite el total del proyecto (fila Sueños de Chocolate) con una inversión total que no cuadra con terceros + USAID
GP_01,Inversión total,Agrado,datos_gestion,GP_01,igual,P043,Total,Total,Total,Total,Total,Total,Territorio del proyecto Sueños de Chocolate: el municipio va en cod_entidad
GP_01,Inversión total,Caceres,datos_gestion,GP_01,igual,P043,Total,Total,Total,Total,Total,Total,Territorio del proyecto Sueños de Chocolate: el municipio va en cod_entidad
GP_01,Inversión total,Campoalegre,datos_gestion,GP_01,igual,P043,Total,Total,Total,Total,Total,Total,Territorio del proyecto Sueños de Chocolate: el municipio va en cod_entidad
GP_01,Inversión total,Garzon,datos_gestion,GP_01,igual,P043,Total,Total,Total,Total,Total,Total,Territorio del proyecto Sueños de Chocolate: el municipio va en cod_entidad
GP_01,Inversión total,Gigante,datos_gestion,GP_01,igual,P043,Total,Total,Total,Total,Total,Total,Territorio del proyecto Sueños de Chocolate: el municipio va en cod_entidad
GP_01,Inversión total,Montelibano,datos_gestion,GP_01,igual,P043,Total,Total,Total,Total,Total,Total,Territorio del proyecto Sueños de Chocolate: el municipio va en cod_entidad
GP_01,Inversión total,Necocli,datos_gestion,GP_01,igual,P043,Total,Total,Total,Total,Total,Total,Territorio del proyecto Sueños de Chocolate: el municipio va en cod_entidad
GP_01,Inversión total,Pital,datos_gestion,GP_01,igual,P043,Total,Total,Total,Total,Total,Total,Territorio del proyecto Sueños de Chocolate: el municipio va en cod_entidad
GP_01,Inversión total,Puerto Libertador,datos_gestion,GP_01,igual,P043,Total,Total,Total,Total,Total,Total,Territorio del proyecto Sueños de Chocolate: el municipio va en cod_entidad
GP_01,Inversión total,Rivera,datos_gestion,GP_01,igual,P043,Total,Total,Total,Total,Total,Total,Territorio del proyecto Sueños de Chocolate: el municipio va en cod_entidad
GP_01,Inversión total,San Pedro De Uraba,datos_gestion,GP_01,igual,P043,Total,Total,Total,Total,Total,Total,Territorio del proyecto Sueños de Chocolate: el municipio va en cod_entidad
GP_01,Inversión total,Tumaco,datos_gestion,GP_01,igual,P043,Total,Total,Total,Total,Total,Total,Territorio del proyecto Sueños de Chocolate: el municipio va en cod_entidad
GP_01,Inversión total,Turbo,datos_gestion,GP_01,igual,P043,Total,Total,Total,Total,Total,Total,Territorio del proyecto Sueños de Chocolate: el municipio va en cod_entidad
GP_01,Inversión total,Total,se elimina,GP_01,igual,P043,Total,Total,Total,Total,Total,Total,Repite el total del proyecto (fila Sueños de Chocolate) con una inversión total que no cuadra con terceros + USAID
GP_03,Educación,Escuela activa urbana,datos_gestion,GP_03,igual,P016,Total,Total,Total,Total,Total,Total,
GP_03,Educación,Universidad en tu colegio,datos_gestion,GP_03,igual,P044,Total,Total,Total,Total,Total,Total,
GP_03,Educación,Aprendamos todos a leer,datos_gestion,GP_03,igual,P005,Total,Total,Total,Total,Total,Total,
CV_04,Total,,datos,CV_04,igual,,Total,Total,Total,Total,Total,Total,
POB_01,Hombres,,datos,POB_01,igual,,Hombre,Total,Total,Total,Total,Total,
POB_01,Mujeres,,datos,POB_01,igual,,Mujer,Total,Total,Total,Total,Total,
POB_01,Total,,datos,POB_01,igual,,Total,Total,Total,Total,Total,Total,
POB_02,Total,,datos,POB_02,igual,,Total,Total,Total,Total,Total,Total,
COBE_01,Total,,datos,COBE_01,igual,,Total,Total,Total,Total,Total,Total,
COBE_02,Total,,datos,COBE_02,igual,,Total,Total,Total,Total,Total,Total,
COBE_03,Total,,datos,COBE_03,igual,,Total,Total,Total,Total,Total,Total,
COBE_04,Total,,datos,COBE_04,igual,,Total,Total,Total,Total,Total,Total,
COBE_05,Total,,datos,COBE_05,igual,,Total,Total,Total,Total,Total,Total,
COBE_06,Total,,datos,COBE_06,igual,,Total,Total,Total,Total,Total,Total,
SABER_01,Solo ciclos,Hombre,datos,SABER_01,igual,,Hombre,Total,Total,Total,Total,Solo ciclos,
SABER_01,Solo ciclos,Mujer,datos,SABER_01,igual,,Mujer,Total,Total,Total,Total,Solo ciclos,
SABER_01,Solo ciclos,No oficial,datos,SABER_01,igual,,Total,Total,No oficial,Total,Total,Solo ciclos,4 filas sin valor se eliminan
SABER_01,Solo ciclos,Oficial,datos,SABER_01,igual,,Total,Total,Oficial,Total,Total,Solo ciclos,21 filas sin valor se eliminan
SABER_01,Solo ciclos,Rural,datos,SABER_01,igual,,Total,Rural,Total,Total,Total,Solo ciclos,84 filas sin valor se eliminan
SABER_01,Solo ciclos,Total,datos,SABER_01,igual,,Total,Total,Total,Total,Total,Solo ciclos,
SABER_01,Solo ciclos,Urbano,datos,SABER_01,igual,,Total,Urbano,Total,Total,Total,Solo ciclos,
SABER_01,Solo once,Hombre,datos,SABER_01,igual,,Hombre,Total,Total,Total,Total,Solo once,
SABER_01,Solo once,Mujer,datos,SABER_01,igual,,Mujer,Total,Total,Total,Total,Solo once,
SABER_01,Solo once,No oficial,datos,SABER_01,igual,,Total,Total,No oficial,Total,Total,Solo once,
SABER_01,Solo once,Oficial,datos,SABER_01,igual,,Total,Total,Oficial,Total,Total,Solo once,
SABER_01,Solo once,Rural,datos,SABER_01,igual,,Total,Rural,Total,Total,Total,Solo once,
SABER_01,Solo once,Total,datos,SABER_01,igual,,Total,Total,Total,Total,Total,Solo once,
SABER_01,Solo once,Urbano,datos,SABER_01,igual,,Total,Urbano,Total,Total,Total,Solo once,
SABER_01,Total,Hombre,datos,SABER_01,igual,,Hombre,Total,Total,Total,Total,Total,
SABER_01,Total,Mujer,datos,SABER_01,igual,,Mujer,Total,Total,Total,Total,Total,
SABER_01,Total,No oficial,datos,SABER_01,igual,,Total,Total,No oficial,Total,Total,Total,
SABER_01,Total,Oficial,datos,SABER_01,igual,,Total,Total,Oficial,Total,Total,Total,
SABER_01,Total,Rural,datos,SABER_01,igual,,Total,Rural,Total,Total,Total,Total,
SABER_01,Total,Total,datos,SABER_01,igual,,Total,Total,Total,Total,Total,Total,
SABER_01,Total,Urbano,datos,SABER_01,igual,,Total,Urbano,Total,Total,Total,Total,
SABER_02,Solo ciclos,Hombre,datos,SABER_02,igual,,Hombre,Total,Total,Total,Total,Solo ciclos,
SABER_02,Solo ciclos,Mujer,datos,SABER_02,igual,,Mujer,Total,Total,Total,Total,Solo ciclos,
SABER_02,Solo ciclos,No oficial,datos,SABER_02,igual,,Total,Total,No oficial,Total,Total,Solo ciclos,4 filas sin valor se eliminan
SABER_02,Solo ciclos,Oficial,datos,SABER_02,igual,,Total,Total,Oficial,Total,Total,Solo ciclos,21 filas sin valor se eliminan
SABER_02,Solo ciclos,Rural,datos,SABER_02,igual,,Total,Rural,Total,Total,Total,Solo ciclos,84 filas sin valor se eliminan
SABER_02,Solo ciclos,Total,datos,SABER_02,igual,,Total,Total,Total,Total,Total,Solo ciclos,
SABER_02,Solo ciclos,Urbano,datos,SABER_02,igual,,Total,Urbano,Total,Total,Total,Solo ciclos,
SABER_02,Solo once,Hombre,datos,SABER_02,igual,,Hombre,Total,Total,Total,Total,Solo once,
SABER_02,Solo once,Mujer,datos,SABER_02,igual,,Mujer,Total,Total,Total,Total,Solo once,
SABER_02,Solo once,No oficial,datos,SABER_02,igual,,Total,Total,No oficial,Total,Total,Solo once,
SABER_02,Solo once,Oficial,datos,SABER_02,igual,,Total,Total,Oficial,Total,Total,Solo once,
SABER_02,Solo once,Rural,datos,SABER_02,igual,,Total,Rural,Total,Total,Total,Solo once,
SABER_02,Solo once,Total,datos,SABER_02,igual,,Total,Total,Total,Total,Total,Solo once,
SABER_02,Solo once,Urbano,datos,SABER_02,igual,,Total,Urbano,Total,Total,Total,Solo once,
SABER_02,Total,Hombre,datos,SABER_02,igual,,Hombre,Total,Total,Total,Total,Total,
SABER_02,Total,Mujer,datos,SABER_02,igual,,Mujer,Total,Total,Total,Total,Total,
SABER_02,Total,No oficial,datos,SABER_02,igual,,Total,Total,No oficial,Total,Total,Total,
SABER_02,Total,Oficial,datos,SABER_02,igual,,Total,Total,Oficial,Total,Total,Total,
SABER_02,Total,Rural,datos,SABER_02,igual,,Total,Rural,Total,Total,Total,Total,
SABER_02,Total,Total,datos,SABER_02,igual,,Total,Total,Total,Total,Total,Total,
SABER_02,Total,Urbano,datos,SABER_02,igual,,Total,Urbano,Total,Total,Total,Total,
SABER_03,Solo ciclos,Hombre,datos,SABER_03,igual,,Hombre,Total,Total,Total,Total,Solo ciclos,
SABER_03,Solo ciclos,Mujer,datos,SABER_03,igual,,Mujer,Total,Total,Total,Total,Solo ciclos,
SABER_03,Solo ciclos,No oficial,datos,SABER_03,igual,,Total,Total,No oficial,Total,Total,Solo ciclos,4 filas sin valor se eliminan
SABER_03,Solo ciclos,Oficial,datos,SABER_03,igual,,Total,Total,Oficial,Total,Total,Solo ciclos,21 filas sin valor se eliminan
SABER_03,Solo ciclos,Rural,datos,SABER_03,igual,,Total,Rural,Total,Total,Total,Solo ciclos,84 filas sin valor se eliminan
SABER_03,Solo ciclos,Total,datos,SABER_03,igual,,Total,Total,Total,Total,Total,Solo ciclos,
SABER_03,Solo ciclos,Urbano,datos,SABER_03,igual,,Total,Urbano,Total,Total,Total,Solo ciclos,
SABER_03,Solo once,Hombre,datos,SABER_03,igual,,Hombre,Total,Total,Total,Total,Solo once,
SABER_03,Solo once,Mujer,datos,SABER_03,igual,,Mujer,Total,Total,Total,Total,Solo once,
SABER_03,Solo once,No oficial,datos,SABER_03,igual,,Total,Total,No oficial,Total,Total,Solo once,
SABER_03,Solo once,Oficial,datos,SABER_03,igual,,Total,Total,Oficial,Total,Total,Solo once,
SABER_03,Solo once,Rural,datos,SABER_03,igual,,Total,Rural,Total,Total,Total,Solo once,
SABER_03,Solo once,Total,datos,SABER_03,igual,,Total,Total,Total,Total,Total,Solo once,
SABER_03,Solo once,Urbano,datos,SABER_03,igual,,Total,Urbano,Total,Total,Total,Solo once,
SABER_03,Total,Hombre,datos,SABER_03,igual,,Hombre,Total,Total,Total,Total,Total,
SABER_03,Total,Mujer,datos,SABER_03,igual,,Mujer,Total,Total,Total,Total,Total,
SABER_03,Total,No oficial,datos,SABER_03,igual,,Total,Total,No oficial,Total,Total,Total,
SABER_03,Total,Oficial,datos,SABER_03,igual,,Total,Total,Oficial,Total,Total,Total,
SABER_03,Total,Rural,datos,SABER_03,igual,,Total,Rural,Total,Total,Total,Total,
SABER_03,Total,Total,datos,SABER_03,igual,,Total,Total,Total,Total,Total,Total,
SABER_03,Total,Urbano,datos,SABER_03,igual,,Total,Urbano,Total,Total,Total,Total,
SABER_04,Solo ciclos,Hombre,datos,SABER_04,igual,,Hombre,Total,Total,Total,Total,Solo ciclos,
SABER_04,Solo ciclos,Mujer,datos,SABER_04,igual,,Mujer,Total,Total,Total,Total,Solo ciclos,
SABER_04,Solo ciclos,No oficial,datos,SABER_04,igual,,Total,Total,No oficial,Total,Total,Solo ciclos,4 filas sin valor se eliminan
SABER_04,Solo ciclos,Oficial,datos,SABER_04,igual,,Total,Total,Oficial,Total,Total,Solo ciclos,21 filas sin valor se eliminan
SABER_04,Solo ciclos,Rural,datos,SABER_04,igual,,Total,Rural,Total,Total,Total,Solo ciclos,84 filas sin valor se eliminan
SABER_04,Solo ciclos,Total,datos,SABER_04,igual,,Total,Total,Total,Total,Total,Solo ciclos,
SABER_04,Solo ciclos,Urbano,datos,SABER_04,igual,,Total,Urbano,Total,Total,Total,Solo ciclos,
SABER_04,Solo once,Hombre,datos,SABER_04,igual,,Hombre,Total,Total,Total,Total,Solo once,
SABER_04,Solo once,Mujer,datos,SABER_04,igual,,Mujer,Total,Total,Total,Total,Solo once,
SABER_04,Solo once,No oficial,datos,SABER_04,igual,,Total,Total,No oficial,Total,Total,Solo once,
SABER_04,Solo once,Oficial,datos,SABER_04,igual,,Total,Total,Oficial,Total,Total,Solo once,
SABER_04,Solo once,Rural,datos,SABER_04,igual,,Total,Rural,Total,Total,Total,Solo once,
SABER_04,Solo once,Total,datos,SABER_04,igual,,Total,Total,Total,Total,Total,Solo once,
SABER_04,Solo once,Urbano,datos,SABER_04,igual,,Total,Urbano,Total,Total,Total,Solo once,
SABER_04,Total,Hombre,datos,SABER_04,igual,,Hombre,Total,Total,Total,Total,Total,
SABER_04,Total,Mujer,datos,SABER_04,igual,,Mujer,Total,Total,Total,Total,Total,
SABER_04,Total,No oficial,datos,SABER_04,igual,,Total,Total,No oficial,Total,Total,Total,
SABER_04,Total,Oficial,datos,SABER_04,igual,,Total,Total,Oficial,Total,Total,Total,
SABER_04,Total,Rural,datos,SABER_04,igual,,Total,Rural,Total,Total,Total,Total,
SABER_04,Total,Total,datos,SABER_04,igual,,Total,Total,Total,Total,Total,Total,
SABER_04,Total,Urbano,datos,SABER_04,igual,,Total,Urbano,Total,Total,Total,Total,
SABER_05,Solo ciclos,Hombre,datos,SABER_05,igual,,Hombre,Total,Total,Total,Total,Solo ciclos,
SABER_05,Solo ciclos,Mujer,datos,SABER_05,igual,,Mujer,Total,Total,Total,Total,Solo ciclos,
SABER_05,Solo ciclos,No oficial,datos,SABER_05,igual,,Total,Total,No oficial,Total,Total,Solo ciclos,4 filas sin valor se eliminan
SABER_05,Solo ciclos,Oficial,datos,SABER_05,igual,,Total,Total,Oficial,Total,Total,Solo ciclos,21 filas sin valor se eliminan
SABER_05,Solo ciclos,Rural,datos,SABER_05,igual,,Total,Rural,Total,Total,Total,Solo ciclos,84 filas sin valor se eliminan
SABER_05,Solo ciclos,Total,datos,SABER_05,igual,,Total,Total,Total,Total,Total,Solo ciclos,
SABER_05,Solo ciclos,Urbano,datos,SABER_05,igual,,Total,Urbano,Total,Total,Total,Solo ciclos,
SABER_05,Solo once,Hombre,datos,SABER_05,igual,,Hombre,Total,Total,Total,Total,Solo once,
SABER_05,Solo once,Mujer,datos,SABER_05,igual,,Mujer,Total,Total,Total,Total,Solo once,
SABER_05,Solo once,No oficial,datos,SABER_05,igual,,Total,Total,No oficial,Total,Total,Solo once,
SABER_05,Solo once,Oficial,datos,SABER_05,igual,,Total,Total,Oficial,Total,Total,Solo once,
SABER_05,Solo once,Rural,datos,SABER_05,igual,,Total,Rural,Total,Total,Total,Solo once,
SABER_05,Solo once,Total,datos,SABER_05,igual,,Total,Total,Total,Total,Total,Solo once,
SABER_05,Solo once,Urbano,datos,SABER_05,igual,,Total,Urbano,Total,Total,Total,Solo once,
SABER_05,Total,Hombre,datos,SABER_05,igual,,Hombre,Total,Total,Total,Total,Total,
SABER_05,Total,Mujer,datos,SABER_05,igual,,Mujer,Total,Total,Total,Total,Total,
SABER_05,Total,No oficial,datos,SABER_05,igual,,Total,Total,No oficial,Total,Total,Total,
SABER_05,Total,Oficial,datos,SABER_05,igual,,Total,Total,Oficial,Total,Total,Total,
SABER_05,Total,Rural,datos,SABER_05,igual,,Total,Rural,Total,Total,Total,Total,
SABER_05,Total,Total,datos,SABER_05,igual,,Total,Total,Total,Total,Total,Total,
SABER_05,Total,Urbano,datos,SABER_05,igual,,Total,Urbano,Total,Total,Total,Total,
SABER_06,Solo ciclos,Hombre,datos,SABER_06,igual,,Hombre,Total,Total,Total,Total,Solo ciclos,
SABER_06,Solo ciclos,Mujer,datos,SABER_06,igual,,Mujer,Total,Total,Total,Total,Solo ciclos,
SABER_06,Solo ciclos,No oficial,datos,SABER_06,igual,,Total,Total,No oficial,Total,Total,Solo ciclos,4 filas sin valor se eliminan
SABER_06,Solo ciclos,Oficial,datos,SABER_06,igual,,Total,Total,Oficial,Total,Total,Solo ciclos,21 filas sin valor se eliminan
SABER_06,Solo ciclos,Rural,datos,SABER_06,igual,,Total,Rural,Total,Total,Total,Solo ciclos,84 filas sin valor se eliminan
SABER_06,Solo ciclos,Total,datos,SABER_06,igual,,Total,Total,Total,Total,Total,Solo ciclos,
SABER_06,Solo ciclos,Urbano,datos,SABER_06,igual,,Total,Urbano,Total,Total,Total,Solo ciclos,
SABER_06,Solo once,Hombre,datos,SABER_06,igual,,Hombre,Total,Total,Total,Total,Solo once,
SABER_06,Solo once,Mujer,datos,SABER_06,igual,,Mujer,Total,Total,Total,Total,Solo once,
SABER_06,Solo once,No oficial,datos,SABER_06,igual,,Total,Total,No oficial,Total,Total,Solo once,
SABER_06,Solo once,Oficial,datos,SABER_06,igual,,Total,Total,Oficial,Total,Total,Solo once,
SABER_06,Solo once,Rural,datos,SABER_06,igual,,Total,Rural,Total,Total,Total,Solo once,
SABER_06,Solo once,Total,datos,SABER_06,igual,,Total,Total,Total,Total,Total,Solo once,
SABER_06,Solo once,Urbano,datos,SABER_06,igual,,Total,Urbano,Total,Total,Total,Solo once,
SABER_06,Total,Hombre,datos,SABER_06,igual,,Hombre,Total,Total,Total,Total,Total,
SABER_06,Total,Mujer,datos,SABER_06,igual,,Mujer,Total,Total,Total,Total,Total,
SABER_06,Total,No oficial,datos,SABER_06,igual,,Total,Total,No oficial,Total,Total,Total,
SABER_06,Total,Oficial,datos,SABER_06,igual,,Total,Total,Oficial,Total,Total,Total,
SABER_06,Total,Rural,datos,SABER_06,igual,,Total,Rural,Total,Total,Total,Total,
SABER_06,Total,Total,datos,SABER_06,igual,,Total,Total,Total,Total,Total,Total,
SABER_06,Total,Urbano,datos,SABER_06,igual,,Total,Urbano,Total,Total,Total,Total,
SABER_08,Solo ciclos,Hombre,datos,SABER_01,igual,,Hombre,Total,Total,Total,Total,Solo ciclos,
SABER_08,Solo ciclos,Mujer,datos,SABER_01,igual,,Mujer,Total,Total,Total,Total,Solo ciclos,
SABER_08,Solo ciclos,No oficial,datos,SABER_01,igual,,Total,Total,No oficial,Total,Total,Solo ciclos,
SABER_08,Solo ciclos,Oficial,datos,SABER_01,igual,,Total,Total,Oficial,Total,Total,Solo ciclos,
SABER_08,Solo ciclos,Rural,datos,SABER_01,igual,,Total,Rural,Total,Total,Total,Solo ciclos,
SABER_08,Solo ciclos,Total,datos,SABER_01,igual,,Total,Total,Total,Total,Total,Solo ciclos,
SABER_08,Solo ciclos,Urbano,datos,SABER_01,igual,,Total,Urbano,Total,Total,Total,Solo ciclos,
SABER_08,Solo once,Hombre,datos,SABER_01,igual,,Hombre,Total,Total,Total,Total,Solo once,
SABER_08,Solo once,Mujer,datos,SABER_01,igual,,Mujer,Total,Total,Total,Total,Solo once,
SABER_08,Solo once,No oficial,datos,SABER_01,igual,,Total,Total,No oficial,Total,Total,Solo once,
SABER_08,Solo once,Oficial,datos,SABER_01,igual,,Total,Total,Oficial,Total,Total,Solo once,
SABER_08,Solo once,Rural,datos,SABER_01,igual,,Total,Rural,Total,Total,Total,Solo once,
SABER_08,Solo once,Total,datos,SABER_01,igual,,Total,Total,Total,Total,Total,Solo once,
SABER_08,Solo once,Urbano,datos,SABER_01,igual,,Total,Urbano,Total,Total,Total,Solo once,
SABER_08,Total,Hombre,datos,SABER_01,igual,,Hombre,Total,Total,Total,Total,Total,
SABER_08,Total,Mujer,datos,SABER_01,igual,,Mujer,Total,Total,Total,Total,Total,
SABER_08,Total,No oficial,datos,SABER_01,igual,,Total,Total,No oficial,Total,Total,Total,
SABER_08,Total,Oficial,datos,SABER_01,igual,,Total,Total,Oficial,Total,Total,Total,
SABER_08,Total,Rural,datos,SABER_01,igual,,Total,Rural,Total,Total,Total,Total,
SABER_08,Total,Total,datos,SABER_01,igual,,Total,Total,Total,Total,Total,Total,
SABER_08,Total,Urbano,datos,SABER_01,igual,,Total,Urbano,Total,Total,Total,Total,
SABER_09,Solo ciclos,Hombre,datos,SABER_02,igual,,Hombre,Total,Total,Total,Total,Solo ciclos,
SABER_09,Solo ciclos,Mujer,datos,SABER_02,igual,,Mujer,Total,Total,Total,Total,Solo ciclos,
SABER_09,Solo ciclos,No oficial,datos,SABER_02,igual,,Total,Total,No oficial,Total,Total,Solo ciclos,
SABER_09,Solo ciclos,Oficial,datos,SABER_02,igual,,Total,Total,Oficial,Total,Total,Solo ciclos,
SABER_09,Solo ciclos,Rural,datos,SABER_02,igual,,Total,Rural,Total,Total,Total,Solo ciclos,
SABER_09,Solo ciclos,Total,datos,SABER_02,igual,,Total,Total,Total,Total,Total,Solo ciclos,
SABER_09,Solo ciclos,Urbano,datos,SABER_02,igual,,Total,Urbano,Total,Total,Total,Solo ciclos,
SABER_09,Solo once,Hombre,datos,SABER_02,igual,,Hombre,Total,Total,Total,Total,Solo once,
SABER_09,Solo once,Mujer,datos,SABER_02,igual,,Mujer,Total,Total,Total,Total,Solo once,
SABER_09,Solo once,No oficial,datos,SABER_02,igual,,Total,Total,No oficial,Total,Total,Solo once,
SABER_09,Solo once,Oficial,datos,SABER_02,igual,,Total,Total,Oficial,Total,Total,Solo once,
SABER_09,Solo once,Rural,datos,SABER_02,igual,,Total,Rural,Total,Total,Total,Solo once,
SABER_09,Solo once,Total,datos,SABER_02,igual,,Total,Total,Total,Total,Total,Solo once,
SABER_09,Solo once,Urbano,datos,SABER_02,igual,,Total,Urbano,Total,Total,Total,Solo once,
SABER_09,Total,Hombre,datos,SABER_02,igual,,Hombre,Total,Total,Total,Total,Total,
SABER_09,Total,Mujer,datos,SABER_02,igual,,Mujer,Total,Total,Total,Total,Total,
SABER_09,Total,No oficial,datos,SABER_02,igual,,Total,Total,No oficial,Total,Total,Total,
SABER_09,Total,Oficial,datos,SABER_02,igual,,Total,Total,Oficial,Total,Total,Total,
SABER_09,Total,Rural,datos,SABER_02,igual,,Total,Rural,Total,Total,Total,Total,
SABER_09,Total,Total,datos,SABER_02,igual,,Total,Total,Total,Total,Total,Total,
SABER_09,Total,Urbano,datos,SABER_02,igual,,Total,Urbano,Total,Total,Total,Total,
SABER_10,Solo ciclos,Hombre,datos,SABER_03,igual,,Hombre,Total,Total,Total,Total,Solo ciclos,
SABER_10,Solo ciclos,Mujer,datos,SABER_03,igual,,Mujer,Total,Total,Total,Total,Solo ciclos,
SABER_10,Solo ciclos,No oficial,datos,SABER_03,igual,,Total,Total,No oficial,Total,Total,Solo ciclos,
SABER_10,Solo ciclos,Oficial,datos,SABER_03,igual,,Total,Total,Oficial,Total,Total,Solo ciclos,
SABER_10,Solo ciclos,Rural,datos,SABER_03,igual,,Total,Rural,Total,Total,Total,Solo ciclos,
SABER_10,Solo ciclos,Total,datos,SABER_03,igual,,Total,Total,Total,Total,Total,Solo ciclos,
SABER_10,Solo ciclos,Urbano,datos,SABER_03,igual,,Total,Urbano,Total,Total,Total,Solo ciclos,
SABER_10,Solo once,Hombre,datos,SABER_03,igual,,Hombre,Total,Total,Total,Total,Solo once,
SABER_10,Solo once,Mujer,datos,SABER_03,igual,,Mujer,Total,Total,Total,Total,Solo once,
SABER_10,Solo once,No oficial,datos,SABER_03,igual,,Total,Total,No oficial,Total,Total,Solo once,
SABER_10,Solo once,Oficial,datos,SABER_03,igual,,Total,Total,Oficial,Total,Total,Solo once,
SABER_10,Solo once,Rural,datos,SABER_03,igual,,Total,Rural,Total,Total,Total,Solo once,
SABER_10,Solo once,Total,datos,SABER_03,igual,,Total,Total,Total,Total,Total,Solo once,
SABER_10,Solo once,Urbano,datos,SABER_03,igual,,Total,Urbano,Total,Total,Total,Solo once,
SABER_10,Total,Hombre,datos,SABER_03,igual,,Hombre,Total,Total,Total,Total,Total,
SABER_10,Total,Mujer,datos,SABER_03,igual,,Mujer,Total,Total,Total,Total,Total,
SABER_10,Total,No oficial,datos,SABER_03,igual,,Total,Total,No oficial,Total,Total,Total,
SABER_10,Total,Oficial,datos,SABER_03,igual,,Total,Total,Oficial,Total,Total,Total,
SABER_10,Total,Rural,datos,SABER_03,igual,,Total,Rural,Total,Total,Total,Total,
SABER_10,Total,Total,datos,SABER_03,igual,,Total,Total,Total,Total,Total,Total,
SABER_10,Total,Urbano,datos,SABER_03,igual,,Total,Urbano,Total,Total,Total,Total,
SABER_11,Solo ciclos,Hombre,datos,SABER_04,igual,,Hombre,Total,Total,Total,Total,Solo ciclos,
SABER_11,Solo ciclos,Mujer,datos,SABER_04,igual,,Mujer,Total,Total,Total,Total,Solo ciclos,
SABER_11,Solo ciclos,No oficial,datos,SABER_04,igual,,Total,Total,No oficial,Total,Total,Solo ciclos,
SABER_11,Solo ciclos,Oficial,datos,SABER_04,igual,,Total,Total,Oficial,Total,Total,Solo ciclos,
SABER_11,Solo ciclos,Rural,datos,SABER_04,igual,,Total,Rural,Total,Total,Total,Solo ciclos,
SABER_11,Solo ciclos,Total,datos,SABER_04,igual,,Total,Total,Total,Total,Total,Solo ciclos,
SABER_11,Solo ciclos,Urbano,datos,SABER_04,igual,,Total,Urbano,Total,Total,Total,Solo ciclos,
SABER_11,Solo once,Hombre,datos,SABER_04,igual,,Hombre,Total,Total,Total,Total,Solo once,
SABER_11,Solo once,Mujer,datos,SABER_04,igual,,Mujer,Total,Total,Total,Total,Solo once,
SABER_11,Solo once,No oficial,datos,SABER_04,igual,,Total,Total,No oficial,Total,Total,Solo once,
SABER_11,Solo once,Oficial,datos,SABER_04,igual,,Total,Total,Oficial,Total,Total,Solo once,
SABER_11,Solo once,Rural,datos,SABER_04,igual,,Total,Rural,Total,Total,Total,Solo once,
SABER_11,Solo once,Total,datos,SABER_04,igual,,Total,Total,Total,Total,Total,Solo once,
SABER_11,Solo once,Urbano,datos,SABER_04,igual,,Total,Urbano,Total,Total,Total,Solo once,
SABER_11,Total,Hombre,datos,SABER_04,igual,,Hombre,Total,Total,Total,Total,Total,
SABER_11,Total,Mujer,datos,SABER_04,igual,,Mujer,Total,Total,Total,Total,Total,
SABER_11,Total,No oficial,datos,SABER_04,igual,,Total,Total,No oficial,Total,Total,Total,
SABER_11,Total,Oficial,datos,SABER_04,igual,,Total,Total,Oficial,Total,Total,Total,
SABER_11,Total,Rural,datos,SABER_04,igual,,Total,Rural,Total,Total,Total,Total,
SABER_11,Total,Total,datos,SABER_04,igual,,Total,Total,Total,Total,Total,Total,
SABER_11,Total,Urbano,datos,SABER_04,igual,,Total,Urbano,Total,Total,Total,Total,
SABER_12,Solo ciclos,Hombre,datos,SABER_05,igual,,Hombre,Total,Total,Total,Total,Solo ciclos,
SABER_12,Solo ciclos,Mujer,datos,SABER_05,igual,,Mujer,Total,Total,Total,Total,Solo ciclos,
SABER_12,Solo ciclos,No oficial,datos,SABER_05,igual,,Total,Total,No oficial,Total,Total,Solo ciclos,
SABER_12,Solo ciclos,Oficial,datos,SABER_05,igual,,Total,Total,Oficial,Total,Total,Solo ciclos,
SABER_12,Solo ciclos,Rural,datos,SABER_05,igual,,Total,Rural,Total,Total,Total,Solo ciclos,
SABER_12,Solo ciclos,Total,datos,SABER_05,igual,,Total,Total,Total,Total,Total,Solo ciclos,
SABER_12,Solo ciclos,Urbano,datos,SABER_05,igual,,Total,Urbano,Total,Total,Total,Solo ciclos,
SABER_12,Solo once,Hombre,datos,SABER_05,igual,,Hombre,Total,Total,Total,Total,Solo once,
SABER_12,Solo once,Mujer,datos,SABER_05,igual,,Mujer,Total,Total,Total,Total,Solo once,
SABER_12,Solo once,No oficial,datos,SABER_05,igual,,Total,Total,No oficial,Total,Total,Solo once,
SABER_12,Solo once,Oficial,datos,SABER_05,igual,,Total,Total,Oficial,Total,Total,Solo once,
SABER_12,Solo once,Rural,datos,SABER_05,igual,,Total,Rural,Total,Total,Total,Solo once,
SABER_12,Solo once,Total,datos,SABER_05,igual,,Total,Total,Total,Total,Total,Solo once,
SABER_12,Solo once,Urbano,datos,SABER_05,igual,,Total,Urbano,Total,Total,Total,Solo once,
SABER_12,Total,Hombre,datos,SABER_05,igual,,Hombre,Total,Total,Total,Total,Total,
SABER_12,Total,Mujer,datos,SABER_05,igual,,Mujer,Total,Total,Total,Total,Total,
SABER_12,Total,No oficial,datos,SABER_05,igual,,Total,Total,No oficial,Total,Total,Total,
SABER_12,Total,Oficial,datos,SABER_05,igual,,Total,Total,Oficial,Total,Total,Total,
SABER_12,Total,Rural,datos,SABER_05,igual,,Total,Rural,Total,Total,Total,Total,
SABER_12,Total,Total,datos,SABER_05,igual,,Total,Total,Total,Total,Total,Total,
SABER_12,Total,Urbano,datos,SABER_05,igual,,Total,Urbano,Total,Total,Total,Total,
SABER_13,Solo ciclos,Hombre,datos,SABER_06,igual,,Hombre,Total,Total,Total,Total,Solo ciclos,
SABER_13,Solo ciclos,Mujer,datos,SABER_06,igual,,Mujer,Total,Total,Total,Total,Solo ciclos,
SABER_13,Solo ciclos,No oficial,datos,SABER_06,igual,,Total,Total,No oficial,Total,Total,Solo ciclos,
SABER_13,Solo ciclos,Oficial,datos,SABER_06,igual,,Total,Total,Oficial,Total,Total,Solo ciclos,
SABER_13,Solo ciclos,Rural,datos,SABER_06,igual,,Total,Rural,Total,Total,Total,Solo ciclos,
SABER_13,Solo ciclos,Total,datos,SABER_06,igual,,Total,Total,Total,Total,Total,Solo ciclos,
SABER_13,Solo ciclos,Urbano,datos,SABER_06,igual,,Total,Urbano,Total,Total,Total,Solo ciclos,
SABER_13,Solo once,Hombre,datos,SABER_06,igual,,Hombre,Total,Total,Total,Total,Solo once,
SABER_13,Solo once,Mujer,datos,SABER_06,igual,,Mujer,Total,Total,Total,Total,Solo once,
SABER_13,Solo once,No oficial,datos,SABER_06,igual,,Total,Total,No oficial,Total,Total,Solo once,
SABER_13,Solo once,Oficial,datos,SABER_06,igual,,Total,Total,Oficial,Total,Total,Solo once,
SABER_13,Solo once,Rural,datos,SABER_06,igual,,Total,Rural,Total,Total,Total,Solo once,
SABER_13,Solo once,Total,datos,SABER_06,igual,,Total,Total,Total,Total,Total,Solo once,
SABER_13,Solo once,Urbano,datos,SABER_06,igual,,Total,Urbano,Total,Total,Total,Solo once,
SABER_13,Total,Hombre,datos,SABER_06,igual,,Hombre,Total,Total,Total,Total,Total,
SABER_13,Total,Mujer,datos,SABER_06,igual,,Mujer,Total,Total,Total,Total,Total,
SABER_13,Total,No oficial,datos,SABER_06,igual,,Total,Total,No oficial,Total,Total,Total,
SABER_13,Total,Oficial,datos,SABER_06,igual,,Total,Total,Oficial,Total,Total,Total,
SABER_13,Total,Rural,datos,SABER_06,igual,,Total,Rural,Total,Total,Total,Total,
SABER_13,Total,Total,datos,SABER_06,igual,,Total,Total,Total,Total,Total,Total,
SABER_13,Total,Urbano,datos,SABER_06,igual,,Total,Urbano,Total,Total,Total,Total,
ATAL_03,IE ADOLFO HOYOS OCAMPO,Primero,datos,ATAL_03,117001006104,,Total,Total,Total,Primero,Total,Total,
ATAL_03,IE ADOLFO HOYOS OCAMPO,Segundo,datos,ATAL_03,117001006104,,Total,Total,Total,Segundo,Total,Total,
ATAL_03,IE ADOLFO HOYOS OCAMPO,Tercero,datos,ATAL_03,117001006104,,Total,Total,Total,Tercero,Total,Total,
ATAL_03,IE ADOLFO HOYOS OCAMPO,Cuarto,datos,ATAL_03,117001006104,,Total,Total,Total,Cuarto,Total,Total,
ATAL_03,IE ADOLFO HOYOS OCAMPO,Quinto,datos,ATAL_03,117001006104,,Total,Total,Total,Quinto,Total,Total,
ATAL_03,IE ANDRES BELLO,Primero,datos,ATAL_03,117001001609,,Total,Total,Total,Primero,Total,Total,
ATAL_03,IE ANDRES BELLO,Segundo,datos,ATAL_03,117001001609,,Total,Total,Total,Segundo,Total,Total,
ATAL_03,IE ANDRES BELLO,Tercero,datos,ATAL_03,117001001609,,Total,Total,Total,Tercero,Total,Total,
ATAL_03,IE ANDRES BELLO,Cuarto,datos,ATAL_03,117001001609,,Total,Total,Total,Cuarto,Total,Total,
ATAL_03,IE ANDRES BELLO,Quinto,datos,ATAL_03,117001001609,,Total,Total,Total,Quinto,Total,Total,
ATAL_03,IE ARANJUEZ,Primero,datos,ATAL_03,117001006287,,Total,Total,Total,Primero,Total,Total,
ATAL_03,IE ARANJUEZ,Segundo,datos,ATAL_03,117001006287,,Total,Total,Total,Segundo,Total,Total,
ATAL_03,IE ARANJUEZ,Tercero,datos,ATAL_03,117001006287,,Total,Total,Total,Tercero,Total,Total,
ATAL_03,IE ARANJUEZ,Cuarto,datos,ATAL_03,117001006287,,Total,Total,Total,Cuarto,Total,Total,
ATAL_03,IE ARANJUEZ,Quinto,datos,ATAL_03,117001006287,,Total,Total,Total,Quinto,Total,Total,
ATAL_03,IE ATANASIO GIRARDOT,Primero,datos,ATAL_03,117001000653,,Total,Total,Total,Primero,Total,Total,
ATAL_03,IE ATANASIO GIRARDOT,Segundo,datos,ATAL_03,117001000653,,Total,Total,Total,Segundo,Total,Total,
ATAL_03,IE ATANASIO GIRARDOT,Tercero,datos,ATAL_03,117001000653,,Total,Total,Total,Tercero,Total,Total,
ATAL_03,IE ATANASIO GIRARDOT,Cuarto,datos,ATAL_03,117001000653,,Total,Total,Total,Cuarto,Total,Total,
ATAL_03,IE ATANASIO GIRARDOT,Quinto,datos,ATAL_03,117001000653,,Total,Total,Total,Quinto,Total,Total,
ATAL_03,IE BOSQUES DEL NORTE,Primero,datos,ATAL_03,117001005990,,Total,Total,Total,Primero,Total,Total,
ATAL_03,IE BOSQUES DEL NORTE,Segundo,datos,ATAL_03,117001005990,,Total,Total,Total,Segundo,Total,Total,
ATAL_03,IE BOSQUES DEL NORTE,Tercero,datos,ATAL_03,117001005990,,Total,Total,Total,Tercero,Total,Total,
ATAL_03,IE BOSQUES DEL NORTE,Cuarto,datos,ATAL_03,117001005990,,Total,Total,Total,Cuarto,Total,Total,
ATAL_03,IE BOSQUES DEL NORTE,Quinto,datos,ATAL_03,117001005990,,Total,Total,Total,Quinto,Total,Total,
ATAL_03,IE CHIPRE,Primero,datos,ATAL_03,117001000157,,Total,Total,Total,Primero,Total,Total,
ATAL_03,IE CHIPRE,Segundo,datos,ATAL_03,117001000157,,Total,Total,Total,Segundo,Total,Total,
ATAL_03,IE CHIPRE,Tercero,datos,ATAL_03,117001000157,,Total,Total,Total,Tercero,Total,Total,
ATAL_03,IE CHIPRE,Cuarto,datos,ATAL_03,117001000157,,Total,Total,Total,Cuarto,Total,Total,
ATAL_03,IE CHIPRE,Quinto,datos,ATAL_03,117001000157,,Total,Total,Total,Quinto,Total,Total,
ATAL_03,IE DE CRISTO,Primero,datos,ATAL_03,317001000075,,Total,Total,Total,Primero,Total,Total,
ATAL_03,IE DE CRISTO,Segundo,datos,ATAL_03,317001000075,,Total,Total,Total,Segundo,Total,Total,
ATAL_03,IE DE CRISTO,Tercero,datos,ATAL_03,317001000075,,Total,Total,Total,Tercero,Total,Total,
ATAL_03,IE DE CRISTO,Cuarto,datos,ATAL_03,317001000075,,Total,Total,Total,Cuarto,Total,Total,
ATAL_03,IE DE CRISTO,Quinto,datos,ATAL_03,317001000075,,Total,Total,Total,Quinto,Total,Total,
ATAL_03,IE DIVINA PROVIDENCIA,Primero,datos,ATAL_03,117001001161,,Total,Total,Total,Primero,Total,Total,
ATAL_03,IE DIVINA PROVIDENCIA,Segundo,datos,ATAL_03,117001001161,,Total,Total,Total,Segundo,Total,Total,
ATAL_03,IE DIVINA PROVIDENCIA,Tercero,datos,ATAL_03,117001001161,,Total,Total,Total,Tercero,Total,Total,
ATAL_03,IE DIVINA PROVIDENCIA,Cuarto,datos,ATAL_03,117001001161,,Total,Total,Total,Cuarto,Total,Total,
ATAL_03,IE DIVINA PROVIDENCIA,Quinto,datos,ATAL_03,117001001161,,Total,Total,Total,Quinto,Total,Total,
ATAL_03,IE ESTAMBUL,Primero,datos,ATAL_03,117001004934,,Total,Total,Total,Primero,Total,Total,
ATAL_03,IE ESTAMBUL,Segundo,datos,ATAL_03,117001004934,,Total,Total,Total,Segundo,Total,Total,
ATAL_03,IE ESTAMBUL,Tercero,datos,ATAL_03,117001004934,,Total,Total,Total,Tercero,Total,Total,
ATAL_03,IE ESTAMBUL,Cuarto,datos,ATAL_03,117001004934,,Total,Total,Total,Cuarto,Total,Total,
ATAL_03,IE ESTAMBUL,Quinto,datos,ATAL_03,117001004934,,Total,Total,Total,Quinto,Total,Total,
ATAL_03,IE EUGENIO PACELLI,Primero,datos,ATAL_03,117001000602,,Total,Total,Total,Primero,Total,Total,
ATAL_03,IE EUGENIO PACELLI,Segundo,datos,ATAL_03,117001000602,,Total,Total,Total,Segundo,Total,Total,
ATAL_03,IE EUGENIO PACELLI,Tercero,datos,ATAL_03,117001000602,,Total,Total,Total,Tercero,Total,Total,
ATAL_03,IE EUGENIO PACELLI,Cuarto,datos,ATAL_03,117001000602,,Total,Total,Total,Cuarto,Total,Total,
ATAL_03,IE EUGENIO PACELLI,Quinto,datos,ATAL_03,117001000602,,Total,Total,Total,Quinto,Total,Total,
ATAL_03,IE FE Y ALEGRIA LA PAZ,Primero,datos,ATAL_03,117001005981,,Total,Total,Total,Primero,Total,Total,
ATAL_03,IE FE Y ALEGRIA LA PAZ,Segundo,datos,ATAL_03,117001005981,,Total,Total,Total,Segundo,Total,Total,
ATAL_03,IE FE Y ALEGRIA LA PAZ,Tercero,datos,ATAL_03,117001005981,,Total,Total,Total,Tercero,Total,Total,
ATAL_03,IE FE Y ALEGRIA LA PAZ,Cuarto,datos,ATAL_03,117001005981,,Total,Total,Total,Cuarto,Total,Total,
ATAL_03,IE FE Y ALEGRIA LA PAZ,Quinto,datos,ATAL_03,117001005981,,Total,Total,Total,Quinto,Total,Total,
ATAL_03,IE FRANCISCO JOSE DE CALDAS,Primero,datos,ATAL_03,117001006155,,Total,Total,Total,Primero,Total,Total,
ATAL_03,IE FRANCISCO JOSE DE CALDAS,Segundo,datos,ATAL_03,117001006155,,Total,Total,Total,Segundo,Total,Total,
ATAL_03,IE FRANCISCO JOSE DE CALDAS,Tercero,datos,ATAL_03,117001006155,,Total,Total,Total,Tercero,Total,Total,
ATAL_03,IE FRANCISCO JOSE DE CALDAS,Cuarto,datos,ATAL_03,117001006155,,Total,Total,Total,Cuarto,Total,Total,
ATAL_03,IE FRANCISCO JOSE DE CALDAS,Quinto,datos,ATAL_03,117001006155,,Total,Total,Total,Quinto,Total,Total,
ATAL_03,IE GIOVANNI MONTINI,Primero,datos,ATAL_03,217001002936,,Total,Total,Total,Primero,Total,Total,
ATAL_03,IE GIOVANNI MONTINI,Segundo,datos,ATAL_03,217001002936,,Total,Total,Total,Segundo,Total,Total,
ATAL_03,IE GIOVANNI MONTINI,Tercero,datos,ATAL_03,217001002936,,Total,Total,Total,Tercero,Total,Total,
ATAL_03,IE GIOVANNI MONTINI,Cuarto,datos,ATAL_03,217001002936,,Total,Total,Total,Cuarto,Total,Total,
ATAL_03,IE GIOVANNI MONTINI,Quinto,datos,ATAL_03,217001002936,,Total,Total,Total,Quinto,Total,Total,
ATAL_03,IE GRAN COLOMBIA,Primero,datos,ATAL_03,117001000572,,Total,Total,Total,Primero,Total,Total,
ATAL_03,IE GRAN COLOMBIA,Segundo,datos,ATAL_03,117001000572,,Total,Total,Total,Segundo,Total,Total,
ATAL_03,IE GRAN COLOMBIA,Tercero,datos,ATAL_03,117001000572,,Total,Total,Total,Tercero,Total,Total,
ATAL_03,IE GRAN COLOMBIA,Cuarto,datos,ATAL_03,117001000572,,Total,Total,Total,Cuarto,Total,Total,
ATAL_03,IE GRAN COLOMBIA,Quinto,datos,ATAL_03,117001000572,,Total,Total,Total,Quinto,Total,Total,
ATAL_03,IE GRANADA,Primero,datos,ATAL_03,217001001557,,Total,Total,Total,Primero,Total,Total,
ATAL_03,IE GRANADA,Segundo,datos,ATAL_03,217001001557,,Total,Total,Total,Segundo,Total,Total,
ATAL_03,IE GRANADA,Tercero,datos,ATAL_03,217001001557,,Total,Total,Total,Tercero,Total,Total,
ATAL_03,IE GRANADA,Cuarto,datos,ATAL_03,217001001557,,Total,Total,Total,Cuarto,Total,Total,
ATAL_03,IE GRANADA,Quinto,datos,ATAL_03,217001001557,,Total,Total,Total,Quinto,Total,Total,
ATAL_03,IE INEM BALDOMERO SANIN CANO,Primero,datos,ATAL_03,117001002346,,Total,Total,Total,Primero,Total,Total,
ATAL_03,IE INEM BALDOMERO SANIN CANO,Segundo,datos,ATAL_03,117001002346,,Total,Total,Total,Segundo,Total,Total,
ATAL_03,IE INEM BALDOMERO SANIN CANO,Tercero,datos,ATAL_03,117001002346,,Total,Total,Total,Tercero,Total,Total,
ATAL_03,IE INEM BALDOMERO SANIN CANO,Cuarto,datos,ATAL_03,117001002346,,Total,Total,Total,Cuarto,Total,Total,
ATAL_03,IE INEM BALDOMERO SANIN CANO,Quinto,datos,ATAL_03,117001002346,,Total,Total,Total,Quinto,Total,Total,
ATAL_03,IE INSTITUTO CHIPRE,Primero,datos,ATAL_03,117001000157,,Total,Total,Total,Primero,Total,Total,
ATAL_03,IE INSTITUTO CHIPRE,Segundo,datos,ATAL_03,117001000157,,Total,Total,Total,Segundo,Total,Total,
ATAL_03,IE INSTITUTO CHIPRE,Tercero,datos,ATAL_03,117001000157,,Total,Total,Total,Tercero,Total,Total,
ATAL_03,IE INSTITUTO CHIPRE,Cuarto,datos,ATAL_03,117001000157,,Total,Total,Total,Cuarto,Total,Total,
ATAL_03,IE INSTITUTO CHIPRE,Quinto,datos,ATAL_03,117001000157,,Total,Total,Total,Quinto,Total,Total,
ATAL_03,IE INSTITUTO LATINOAMERICANO,Primero,datos,ATAL_03,117001000611,,Total,Total,Total,Primero,Total,Total,
ATAL_03,IE INSTITUTO LATINOAMERICANO,Segundo,datos,ATAL_03,117001000611,,Total,Total,Total,Segundo,Total,Total,
ATAL_03,IE INSTITUTO LATINOAMERICANO,Tercero,datos,ATAL_03,117001000611,,Total,Total,Total,Tercero,Total,Total,
ATAL_03,IE INSTITUTO LATINOAMERICANO,Cuarto,datos,ATAL_03,117001000611,,Total,Total,Total,Cuarto,Total,Total,
ATAL_03,IE INSTITUTO LATINOAMERICANO,Quinto,datos,ATAL_03,117001000611,,Total,Total,Total,Quinto,Total,Total,
ATAL_03,IE INSTITUTO MANIZALES,Primero,datos,ATAL_03,117001001919,,Total,Total,Total,Primero,Total,Total,
ATAL_03,IE INSTITUTO MANIZALES,Segundo,datos,ATAL_03,117001001919,,Total,Total,Total,Segundo,Total,Total,
ATAL_03,IE INSTITUTO MANIZALES,Tercero,datos,ATAL_03,117001001919,,Total,Total,Total,Tercero,Total,Total,
ATAL_03,IE INSTITUTO MANIZALES,Cuarto,datos,ATAL_03,117001001919,,Total,Total,Total,Cuarto,Total,Total,
ATAL_03,IE INSTITUTO MANIZALES,Quinto,datos,ATAL_03,117001001919,,Total,Total,Total,Quinto,Total,Total,
ATAL_03,IE INSTITUTO PABLO VI,Primero,datos,ATAL_03,117001005965,,Total,Total,Total,Primero,Total,Total,
ATAL_03,IE INSTITUTO PABLO VI,Segundo,datos,ATAL_03,117001005965,,Total,Total,Total,Segundo,Total,Total,
ATAL_03,IE INSTITUTO PABLO VI,Tercero,datos,ATAL_03,117001005965,,Total,Total,Total,Tercero,Total,Total,
ATAL_03,IE INSTITUTO PABLO VI,Cuarto,datos,ATAL_03,117001005965,,Total,Total,Total,Cuarto,Total,Total,
ATAL_03,IE INSTITUTO PABLO VI,Quinto,datos,ATAL_03,117001005965,,Total,Total,Total,Quinto,Total,Total,
ATAL_03,IE INSTITUTO UNIVERSITARIO DE CALDAS,Primero,datos,ATAL_03,117001001536,,Total,Total,Total,Primero,Total,Total,
ATAL_03,IE INSTITUTO UNIVERSITARIO DE CALDAS,Segundo,datos,ATAL_03,117001001536,,Total,Total,Total,Segundo,Total,Total,
ATAL_03,IE INSTITUTO UNIVERSITARIO DE CALDAS,Tercero,datos,ATAL_03,117001001536,,Total,Total,Total,Tercero,Total,Total,
ATAL_03,IE INSTITUTO UNIVERSITARIO DE CALDAS,Cuarto,datos,ATAL_03,117001001536,,Total,Total,Total,Cuarto,Total,Total,
ATAL_03,IE INSTITUTO UNIVERSITARIO DE CALDAS,Quinto,datos,ATAL_03,117001001536,,Total,Total,Total,Quinto,Total,Total,
ATAL_03,IE JOSE ANTONIO GALAN,Primero,datos,ATAL_03,217001006133,,Total,Total,Total,Primero,Total,Total,
ATAL_03,IE JOSE ANTONIO GALAN,Segundo,datos,ATAL_03,217001006133,,Total,Total,Total,Segundo,Total,Total,
ATAL_03,IE JOSE ANTONIO GALAN,Tercero,datos,ATAL_03,217001006133,,Total,Total,Total,Tercero,Total,Total,
ATAL_03,IE JOSE ANTONIO GALAN,Cuarto,datos,ATAL_03,217001006133,,Total,Total,Total,Cuarto,Total,Total,
ATAL_03,IE JOSE ANTONIO GALAN,Quinto,datos,ATAL_03,217001006133,,Total,Total,Total,Quinto,Total,Total,
ATAL_03,IE JUAN PABLO II,Segundo,datos,ATAL_03,217001001484,,Total,Total,Total,Segundo,Total,Total,
ATAL_03,IE JUAN PABLO II,Tercero,datos,ATAL_03,217001001484,,Total,Total,Total,Tercero,Total,Total,
ATAL_03,IE JUAN PABLO II,Cuarto,datos,ATAL_03,217001001484,,Total,Total,Total,Cuarto,Total,Total,
ATAL_03,IE JUAN PABLO II,Quinto,datos,ATAL_03,217001001484,,Total,Total,Total,Quinto,Total,Total,
ATAL_03,IE LA ASUNCION,Primero,datos,ATAL_03,117001002737,,Total,Total,Total,Primero,Total,Total,
ATAL_03,IE LA ASUNCION,Segundo,datos,ATAL_03,117001002737,,Total,Total,Total,Segundo,Total,Total,
ATAL_03,IE LA ASUNCION,Tercero,datos,ATAL_03,117001002737,,Total,Total,Total,Tercero,Total,Total,
ATAL_03,IE LA ASUNCION,Cuarto,datos,ATAL_03,117001002737,,Total,Total,Total,Cuarto,Total,Total,
ATAL_03,IE LA ASUNCION,Quinto,datos,ATAL_03,117001002737,,Total,Total,Total,Quinto,Total,Total,
ATAL_03,IE LA CABANA,Primero,datos,ATAL_03,217001001581,,Total,Total,Total,Primero,Total,Total,
ATAL_03,IE LA CABANA,Segundo,datos,ATAL_03,217001001581,,Total,Total,Total,Segundo,Total,Total,
ATAL_03,IE LA CABANA,Tercero,datos,ATAL_03,217001001581,,Total,Total,Total,Tercero,Total,Total,
ATAL_03,IE LA CABANA,Cuarto,datos,ATAL_03,217001001581,,Total,Total,Total,Cuarto,Total,Total,
ATAL_03,IE LA CABANA,Quinto,datos,ATAL_03,217001001581,,Total,Total,Total,Quinto,Total,Total,
ATAL_03,IE LA LINDA,Primero,datos,ATAL_03,117001006112,,Total,Total,Total,Primero,Total,Total,
ATAL_03,IE LA LINDA,Segundo,datos,ATAL_03,117001006112,,Total,Total,Total,Segundo,Total,Total,
ATAL_03,IE LA LINDA,Tercero,datos,ATAL_03,117001006112,,Total,Total,Total,Tercero,Total,Total,
ATAL_03,IE LA LINDA,Cuarto,datos,ATAL_03,117001006112,,Total,Total,Total,Cuarto,Total,Total,
ATAL_03,IE LA LINDA,Quinto,datos,ATAL_03,117001006112,,Total,Total,Total,Quinto,Total,Total,
ATAL_03,IE LA PALMA,Primero,datos,ATAL_03,17001905,,Total,Total,Total,Primero,Total,Total,
ATAL_03,IE LA PALMA,Segundo,datos,ATAL_03,17001905,,Total,Total,Total,Segundo,Total,Total,
ATAL_03,IE LA PALMA,Tercero,datos,ATAL_03,17001905,,Total,Total,Total,Tercero,Total,Total,
ATAL_03,IE LA PALMA,Cuarto,datos,ATAL_03,17001905,,Total,Total,Total,Cuarto,Total,Total,
ATAL_03,IE LA PALMA,Quinto,datos,ATAL_03,17001905,,Total,Total,Total,Quinto,Total,Total,
ATAL_03,IE LA SULTANA,Primero,datos,ATAL_03,117001006180,,Total,Total,Total,Primero,Total,Total,
ATAL_03,IE LA SULTANA,Segundo,datos,ATAL_03,117001006180,,Total,Total,Total,Segundo,Total,Total,
ATAL_03,IE LA SULTANA,Tercero,datos,ATAL_03,117001006180,,Total,Total,Total,Tercero,Total,Total,
ATAL_03,IE LA SULTANA,Cuarto,datos,ATAL_03,117001006180,,Total,Total,Total,Cuarto,Total,Total,
ATAL_03,IE LA SULTANA,Quinto,datos,ATAL_03,117001006180,,Total,Total,Total,Quinto,Total,Total,
ATAL_03,IE LA TRINIDAD,Primero,datos,ATAL_03,217001000275,,Total,Total,Total,Primero,Total,Total,
ATAL_03,IE LA TRINIDAD,Segundo,datos,ATAL_03,217001000275,,Total,Total,Total,Segundo,Total,Total,
ATAL_03,IE LA TRINIDAD,Tercero,datos,ATAL_03,217001000275,,Total,Total,Total,Tercero,Total,Total,
ATAL_03,IE LA TRINIDAD,Cuarto,datos,ATAL_03,217001000275,,Total,Total,Total,Cuarto,Total,Total,
ATAL_03,IE LA TRINIDAD,Quinto,datos,ATAL_03,217001000275,,Total,Total,Total,Quinto,Total,Total,
ATAL_03,IE LA VIOLETA,Primero,datos,ATAL_03,217001002065,,Total,Total,Total,Primero,Total,Total,
ATAL_03,IE LA VIOLETA,Segundo,datos,ATAL_03,217001002065,,Total,Total,Total,Segundo,Total,Total,
ATAL_03,IE LA VIOLETA,Tercero,datos,ATAL_03,217001002065,,Total,Total,Total,Tercero,Total,Total,
ATAL_03,IE LA VIOLETA,Cuarto,datos,ATAL_03,217001002065,,Total,Total,Total,Cuarto,Total,Total,
ATAL_03,IE LA VIOLETA,Quinto,datos,ATAL_03,217001002065,,Total,Total,Total,Quinto,Total,Total,
ATAL_03,IE LEON DE GREIFF,Primero,datos,ATAL_03,117001002257,,Total,Total,Total,Primero,Total,Total,
ATAL_03,IE LEON DE GREIFF,Segundo,datos,ATAL_03,117001002257,,Total,Total,Total,Segundo,Total,Total,
ATAL_03,IE LEON DE GREIFF,Tercero,datos,ATAL_03,117001002257,,Total,Total,Total,Tercero,Total,Total,
ATAL_03,IE LEON DE GREIFF,Cuarto,datos,ATAL_03,117001002257,,Total,Total,Total,Cuarto,Total,Total,
ATAL_03,IE LEON DE GREIFF,Quinto,datos,ATAL_03,117001002257,,Total,Total,Total,Quinto,Total,Total,
ATAL_03,IE LEONARDO DA VINCI,Primero,datos,ATAL_03,117001000998,,Total,Total,Total,Primero,Total,Total,
ATAL_03,IE LEONARDO DA VINCI,Segundo,datos,ATAL_03,117001000998,,Total,Total,Total,Segundo,Total,Total,
ATAL_03,IE LEONARDO DA VINCI,Tercero,datos,ATAL_03,117001000998,,Total,Total,Total,Tercero,Total,Total,
ATAL_03,IE LEONARDO DA VINCI,Cuarto,datos,ATAL_03,117001000998,,Total,Total,Total,Cuarto,Total,Total,
ATAL_03,IE LEONARDO DA VINCI,Quinto,datos,ATAL_03,117001000998,,Total,Total,Total,Quinto,Total,Total,
ATAL_03,IE LICEO ISABEL LA CATOLICA,Primero,datos,ATAL_03,117001001765,,Total,Total,Total,Primero,Total,Total,
ATAL_03,IE LICEO ISABEL LA CATOLICA,Segundo,datos,ATAL_03,117001001765,,Total,Total,Total,Segundo,Total,Total,
ATAL_03,IE LICEO ISABEL LA CATOLICA,Tercero,datos,ATAL_03,117001001765,,Total,Total,Total,Tercero,Total,Total,
ATAL_03,IE LICEO ISABEL LA CATOLICA,Cuarto,datos,ATAL_03,117001001765,,Total,Total,Total,Cuarto,Total,Total,
ATAL_03,IE LICEO ISABEL LA CATOLICA,Quinto,datos,ATAL_03,117001001765,,Total,Total,Total,Quinto,Total,Total,
ATAL_03,IE LICEO LEON DE GREIFF,Primero,datos,ATAL_03,117001002257,,Total,Total,Total,Primero,Total,Total,
ATAL_03,IE LICEO LEON DE GREIFF,Segundo,datos,ATAL_03,117001002257,,Total,Total,Total,Segundo,Total,Total,
ATAL_03,IE LICEO LEON DE GREIFF,Tercero,datos,ATAL_03,117001002257,,Total,Total,Total,Tercero,Total,Total,
ATAL_03,IE LICEO LEON DE GREIFF,Cuarto,datos,ATAL_03,117001002257,,Total,Total,Total,Cuarto,Total,Total,
ATAL_03,IE LICEO LEON DE GREIFF,Quinto,datos,ATAL_03,117001002257,,Total,Total,Total,Quinto,Total,Total,
ATAL_03,IE LICEO MIXTO SINAI,Primero,datos,ATAL_03,117001005256,,Total,Total,Total,Primero,Total,Total,2018 Quinto: se promedia con la otra variante del nombre (misma IE)
ATAL_03,IE LICEO MIXTO SINAI,Segundo,datos,ATAL_03,117001005256,,Total,Total,Total,Segundo,Total,Total,2018 Quinto: se promedia con la otra variante del nombre (misma IE)
ATAL_03,IE LICEO MIXTO SINAI,Tercero,datos,ATAL_03,117001005256,,Total,Total,Total,Tercero,Total,Total,2018 Quinto: se promedia con la otra variante del nombre (misma IE)
ATAL_03,IE LICEO MIXTO SINAI,Cuarto,datos,ATAL_03,117001005256,,Total,Total,Total,Cuarto,Total,Total,2018 Quinto: se promedia con la otra variante del nombre (misma IE)
ATAL_03,IE LICEO MIXTO SINAI,Quinto,datos,ATAL_03,117001005256,,Total,Total,Total,Quinto,Total,Total,2018 Quinto: se promedia con la otra variante del nombre (misma IE)
ATAL_03,IE LICEO MIXTO SINAI­,Quinto,datos,ATAL_03,117001005256,,Total,Total,Total,Quinto,Total,Total,2018 Quinto: se promedia con la otra variante del nombre (misma IE)
ATAL_03,IE MALABAR,Primero,datos,ATAL_03,117001002567,,Total,Total,Total,Primero,Total,Total,
ATAL_03,IE MALABAR,Segundo,datos,ATAL_03,117001002567,,Total,Total,Total,Segundo,Total,Total,
ATAL_03,IE MALABAR,Tercero,datos,ATAL_03,117001002567,,Total,Total,Total,Tercero,Total,Total,
ATAL_03,IE MALABAR,Cuarto,datos,ATAL_03,117001002567,,Total,Total,Total,Cuarto,Total,Total,
ATAL_03,IE MALABAR,Quinto,datos,ATAL_03,117001002567,,Total,Total,Total,Quinto,Total,Total,
ATAL_03,IE MALTERIA,Primero,datos,ATAL_03,117001002729,,Total,Total,Total,Primero,Total,Total,
ATAL_03,IE MALTERIA,Segundo,datos,ATAL_03,117001002729,,Total,Total,Total,Segundo,Total,Total,
ATAL_03,IE MALTERIA,Tercero,datos,ATAL_03,117001002729,,Total,Total,Total,Tercero,Total,Total,
ATAL_03,IE MALTERIA,Cuarto,datos,ATAL_03,117001002729,,Total,Total,Total,Cuarto,Total,Total,
ATAL_03,IE MALTERIA,Quinto,datos,ATAL_03,117001002729,,Total,Total,Total,Quinto,Total,Total,
ATAL_03,IE MARCO FIDEL SUAREZ,Primero,datos,ATAL_03,117001006902,,Total,Total,Total,Primero,Total,Total,
ATAL_03,IE MARCO FIDEL SUAREZ,Segundo,datos,ATAL_03,117001006902,,Total,Total,Total,Segundo,Total,Total,
ATAL_03,IE MARCO FIDEL SUAREZ,Tercero,datos,ATAL_03,117001006902,,Total,Total,Total,Tercero,Total,Total,
ATAL_03,IE MARCO FIDEL SUAREZ,Cuarto,datos,ATAL_03,117001006902,,Total,Total,Total,Cuarto,Total,Total,
ATAL_03,IE MARCO FIDEL SUAREZ,Quinto,datos,ATAL_03,117001006902,,Total,Total,Total,Quinto,Total,Total,
ATAL_03,IE MARIA GORETTI,Primero,datos,ATAL_03,217001001085,,Total,Total,Total,Primero,Total,Total,
ATAL_03,IE MARIA GORETTI,Segundo,datos,ATAL_03,217001001085,,Total,Total,Total,Segundo,Total,Total,
ATAL_03,IE MARIA GORETTI,Tercero,datos,ATAL_03,217001001085,,Total,Total,Total,Tercero,Total,Total,
ATAL_03,IE MARIA GORETTI,Cuarto,datos,ATAL_03,217001001085,,Total,Total,Total,Cuarto,Total,Total,
ATAL_03,IE MARIA GORETTI,Quinto,datos,ATAL_03,217001001085,,Total,Total,Total,Quinto,Total,Total,
ATAL_03,IE MARISCAL SUCRE,Primero,datos,ATAL_03,117001002303,,Total,Total,Total,Primero,Total,Total,
ATAL_03,IE MARISCAL SUCRE,Segundo,datos,ATAL_03,117001002303,,Total,Total,Total,Segundo,Total,Total,
ATAL_03,IE MARISCAL SUCRE,Tercero,datos,ATAL_03,117001002303,,Total,Total,Total,Tercero,Total,Total,
ATAL_03,IE MARISCAL SUCRE,Cuarto,datos,ATAL_03,117001002303,,Total,Total,Total,Cuarto,Total,Total,
ATAL_03,IE MARISCAL SUCRE,Quinto,datos,ATAL_03,117001002303,,Total,Total,Total,Quinto,Total,Total,
ATAL_03,IE MIGUEL ANTONIO CARO,Primero,datos,ATAL_03,217001001182,,Total,Total,Total,Primero,Total,Total,
ATAL_03,IE MIGUEL ANTONIO CARO,Segundo,datos,ATAL_03,217001001182,,Total,Total,Total,Segundo,Total,Total,
ATAL_03,IE MIGUEL ANTONIO CARO,Tercero,datos,ATAL_03,217001001182,,Total,Total,Total,Tercero,Total,Total,
ATAL_03,IE MIGUEL ANTONIO CARO,Cuarto,datos,ATAL_03,217001001182,,Total,Total,Total,Cuarto,Total,Total,
ATAL_03,IE MIGUEL ANTONIO CARO,Quinto,datos,ATAL_03,217001001182,,Total,Total,Total,Quinto,Total,Total,
ATAL_03,IE NACIONAL AUXILIAR DE ENFERMERIA,Primero,datos,ATAL_03,117001003822,,Total,Total,Total,Primero,Total,Total,
ATAL_03,IE NACIONAL AUXILIAR DE ENFERMERIA,Segundo,datos,ATAL_03,117001003822,,Total,Total,Total,Segundo,Total,Total,
ATAL_03,IE NACIONAL AUXILIAR DE ENFERMERIA,Tercero,datos,ATAL_03,117001003822,,Total,Total,Total,Tercero,Total,Total,
ATAL_03,IE NACIONAL AUXILIAR DE ENFERMERIA,Cuarto,datos,ATAL_03,117001003822,,Total,Total,Total,Cuarto,Total,Total,
ATAL_03,IE NACIONAL AUXILIAR DE ENFERMERIA,Quinto,datos,ATAL_03,117001003822,,Total,Total,Total,Quinto,Total,Total,
ATAL_03,IE NORMAL SUPERIOR DE CALDAS,Primero,datos,ATAL_03,117001001544,,Total,Total,Total,Primero,Total,Total,
ATAL_03,IE NORMAL SUPERIOR DE CALDAS,Segundo,datos,ATAL_03,117001001544,,Total,Total,Total,Segundo,Total,Total,
ATAL_03,IE NORMAL SUPERIOR DE CALDAS,Tercero,datos,ATAL_03,117001001544,,Total,Total,Total,Tercero,Total,Total,
ATAL_03,IE NORMAL SUPERIOR DE CALDAS,Cuarto,datos,ATAL_03,117001001544,,Total,Total,Total,Cuarto,Total,Total,
ATAL_03,IE NORMAL SUPERIOR DE CALDAS,Quinto,datos,ATAL_03,117001001544,,Total,Total,Total,Quinto,Total,Total,
ATAL_03,IE NORMAL SUPERIOR DE MANIZALES,Primero,datos,ATAL_03,117001000165,,Total,Total,Total,Primero,Total,Total,
ATAL_03,IE NORMAL SUPERIOR DE MANIZALES,Segundo,datos,ATAL_03,117001000165,,Total,Total,Total,Segundo,Total,Total,
ATAL_03,IE NORMAL SUPERIOR DE MANIZALES,Tercero,datos,ATAL_03,117001000165,,Total,Total,Total,Tercero,Total,Total,
ATAL_03,IE NORMAL SUPERIOR DE MANIZALES,Cuarto,datos,ATAL_03,117001000165,,Total,Total,Total,Cuarto,Total,Total,
ATAL_03,IE NORMAL SUPERIOR DE MANIZALES,Quinto,datos,ATAL_03,117001000165,,Total,Total,Total,Quinto,Total,Total,
ATAL_03,IE NUESTRA SENORA DE FATIMA,Primero,datos,ATAL_03,117001004373,,Total,Total,Total,Primero,Total,Total,
ATAL_03,IE NUESTRA SENORA DE FATIMA,Segundo,datos,ATAL_03,117001004373,,Total,Total,Total,Segundo,Total,Total,
ATAL_03,IE NUESTRA SENORA DE FATIMA,Tercero,datos,ATAL_03,117001004373,,Total,Total,Total,Tercero,Total,Total,
ATAL_03,IE NUESTRA SENORA DE FATIMA,Cuarto,datos,ATAL_03,117001004373,,Total,Total,Total,Cuarto,Total,Total,
ATAL_03,IE NUESTRA SENORA DE FATIMA,Quinto,datos,ATAL_03,117001004373,,Total,Total,Total,Quinto,Total,Total,
ATAL_03,IE PABLO VI,Primero,datos,ATAL_03,117001005965,,Total,Total,Total,Primero,Total,Total,
ATAL_03,IE PABLO VI,Segundo,datos,ATAL_03,117001005965,,Total,Total,Total,Segundo,Total,Total,
ATAL_03,IE PABLO VI,Tercero,datos,ATAL_03,117001005965,,Total,Total,Total,Tercero,Total,Total,
ATAL_03,IE PABLO VI,Cuarto,datos,ATAL_03,117001005965,,Total,Total,Total,Cuarto,Total,Total,
ATAL_03,IE PABLO VI,Quinto,datos,ATAL_03,117001005965,,Total,Total,Total,Quinto,Total,Total,
ATAL_03,IE PERPETUO SOCORRO,Primero,datos,ATAL_03,117001002087,,Total,Total,Total,Primero,Total,Total,
ATAL_03,IE PERPETUO SOCORRO,Segundo,datos,ATAL_03,117001002087,,Total,Total,Total,Segundo,Total,Total,
ATAL_03,IE PERPETUO SOCORRO,Tercero,datos,ATAL_03,117001002087,,Total,Total,Total,Tercero,Total,Total,
ATAL_03,IE PERPETUO SOCORRO,Cuarto,datos,ATAL_03,117001002087,,Total,Total,Total,Cuarto,Total,Total,
ATAL_03,IE PERPETUO SOCORRO,Quinto,datos,ATAL_03,117001002087,,Total,Total,Total,Quinto,Total,Total,
ATAL_03,IE RAFAEL POMBO,Primero,datos,ATAL_03,217001000364,,Total,Total,Total,Primero,Total,Total,
ATAL_03,IE RAFAEL POMBO,Segundo,datos,ATAL_03,217001000364,,Total,Total,Total,Segundo,Total,Total,
ATAL_03,IE RAFAEL POMBO,Tercero,datos,ATAL_03,217001000364,,Total,Total,Total,Tercero,Total,Total,
ATAL_03,IE RAFAEL POMBO,Cuarto,datos,ATAL_03,217001000364,,Total,Total,Total,Cuarto,Total,Total,
ATAL_03,IE RAFAEL POMBO,Quinto,datos,ATAL_03,217001000364,,Total,Total,Total,Quinto,Total,Total,
ATAL_03,IE SAN JORGE,Primero,datos,ATAL_03,117001001251,,Total,Total,Total,Primero,Total,Total,
ATAL_03,IE SAN JORGE,Segundo,datos,ATAL_03,117001001251,,Total,Total,Total,Segundo,Total,Total,
ATAL_03,IE SAN JORGE,Tercero,datos,ATAL_03,117001001251,,Total,Total,Total,Tercero,Total,Total,
ATAL_03,IE SAN JORGE,Cuarto,datos,ATAL_03,117001001251,,Total,Total,Total,Cuarto,Total,Total,
ATAL_03,IE SAN JORGE,Quinto,datos,ATAL_03,117001001251,,Total,Total,Total,Quinto,Total,Total,
ATAL_03,IE SAN JUAN BAUTISTA DE LA SALLE,Primero,datos,ATAL_03,117001004438,,Total,Total,Total,Primero,Total,Total,
ATAL_03,IE SAN JUAN BAUTISTA DE LA SALLE,Segundo,datos,ATAL_03,117001004438,,Total,Total,Total,Segundo,Total,Total,
ATAL_03,IE SAN JUAN BAUTISTA DE LA SALLE,Tercero,datos,ATAL_03,117001004438,,Total,Total,Total,Tercero,Total,Total,
ATAL_03,IE SAN JUAN BAUTISTA DE LA SALLE,Cuarto,datos,ATAL_03,117001004438,,Total,Total,Total,Cuarto,Total,Total,
ATAL_03,IE SAN JUAN BAUTISTA DE LA SALLE,Quinto,datos,ATAL_03,117001004438,,Total,Total,Total,Quinto,Total,Total,
ATAL_03,IE SAN PEREGRINO,Primero,datos,ATAL_03,217001006125,,Total,Total,Total,Primero,Total,Total,
ATAL_03,IE SAN PEREGRINO,Segundo,datos,ATAL_03,217001006125,,Total,Total,Total,Segundo,Total,Total,
ATAL_03,IE SAN PEREGRINO,Tercero,datos,ATAL_03,217001006125,,Total,Total,Total,Tercero,Total,Total,
ATAL_03,IE SAN PEREGRINO,Cuarto,datos,ATAL_03,217001006125,,Total,Total,Total,Cuarto,Total,Total,
ATAL_03,IE SAN PEREGRINO,Quinto,datos,ATAL_03,217001006125,,Total,Total,Total,Quinto,Total,Total,
ATAL_03,IE SAN PIO X,Primero,datos,ATAL_03,117001002176,,Total,Total,Total,Primero,Total,Total,
ATAL_03,IE SAN PIO X,Segundo,datos,ATAL_03,117001002176,,Total,Total,Total,Segundo,Total,Total,
ATAL_03,IE SAN PIO X,Tercero,datos,ATAL_03,117001002176,,Total,Total,Total,Tercero,Total,Total,
ATAL_03,IE SAN PIO X,Cuarto,datos,ATAL_03,117001002176,,Total,Total,Total,Cuarto,Total,Total,
ATAL_03,IE SAN PIO X,Quinto,datos,ATAL_03,117001002176,,Total,Total,Total,Quinto,Total,Total,
ATAL_03,IE SAN SEBASTIAN,Primero,datos,ATAL_03,117001800111,,Total,Total,Total,Primero,Total,Total,
ATAL_03,IE SAN SEBASTIAN,Segundo,datos,ATAL_03,117001800111,,Total,Total,Total,Segundo,Total,Total,
ATAL_03,IE SAN SEBASTIAN,Tercero,datos,ATAL_03,117001800111,,Total,Total,Total,Tercero,Total,Total,
ATAL_03,IE SAN SEBASTIAN,Cuarto,datos,ATAL_03,117001800111,,Total,Total,Total,Cuarto,Total,Total,
ATAL_03,IE SAN SEBASTIAN,Quinto,datos,ATAL_03,117001800111,,Total,Total,Total,Quinto,Total,Total,
ATAL_03,IE SANTO DOMINGO SAVIO,Primero,datos,ATAL_03,117001005132,,Total,Total,Total,Primero,Total,Total,
ATAL_03,IE SANTO DOMINGO SAVIO,Segundo,datos,ATAL_03,117001005132,,Total,Total,Total,Segundo,Total,Total,
ATAL_03,IE SANTO DOMINGO SAVIO,Tercero,datos,ATAL_03,117001005132,,Total,Total,Total,Tercero,Total,Total,
ATAL_03,IE SANTO DOMINGO SAVIO,Cuarto,datos,ATAL_03,117001005132,,Total,Total,Total,Cuarto,Total,Total,
ATAL_03,IE SANTO DOMINGO SAVIO,Quinto,datos,ATAL_03,117001005132,,Total,Total,Total,Quinto,Total,Total,
ATAL_03,IE SERAFICO SAN ANTONIO DE PADUA,Primero,datos,ATAL_03,217001000526,,Total,Total,Total,Primero,Total,Total,
ATAL_03,IE SERAFICO SAN ANTONIO DE PADUA,Segundo,datos,ATAL_03,217001000526,,Total,Total,Total,Segundo,Total,Total,
ATAL_03,IE SERAFICO SAN ANTONIO DE PADUA,Tercero,datos,ATAL_03,217001000526,,Total,Total,Total,Tercero,Total,Total,
ATAL_03,IE SERAFICO SAN ANTONIO DE PADUA,Cuarto,datos,ATAL_03,217001000526,,Total,Total,Total,Cuarto,Total,Total,
ATAL_03,IE SERAFICO SAN ANTONIO DE PADUA,Quinto,datos,ATAL_03,217001000526,,Total,Total,Total,Quinto,Total,Total,
ATAL_03,IE SIETE DE AGOSTO,Primero,datos,ATAL_03,117001000033,,Total,Total,Total,Primero,Total,Total,
ATAL_03,IE SIETE DE AGOSTO,Segundo,datos,ATAL_03,117001000033,,Total,Total,Total,Segundo,Total,Total,
ATAL_03,IE SIETE DE AGOSTO,Tercero,datos,ATAL_03,117001000033,,Total,Total,Total,Tercero,Total,Total,
ATAL_03,IE SIETE DE AGOSTO,Cuarto,datos,ATAL_03,117001000033,,Total,Total,Total,Cuarto,Total,Total,
ATAL_03,IE SIETE DE AGOSTO,Quinto,datos,ATAL_03,117001000033,,Total,Total,Total,Quinto,Total,Total,
ATAL_03,IE VILLA DEL PILAR,Primero,datos,ATAL_03,117001005841,,Total,Total,Total,Primero,Total,Total,
ATAL_03,IE VILLA DEL PILAR,Segundo,datos,ATAL_03,117001005841,,Total,Total,Total,Segundo,Total,Total,
ATAL_03,IE VILLA DEL PILAR,Tercero,datos,ATAL_03,117001005841,,Total,Total,Total,Tercero,Total,Total,
ATAL_03,IE VILLA DEL PILAR,Cuarto,datos,ATAL_03,117001005841,,Total,Total,Total,Cuarto,Total,Total,
ATAL_03,IE VILLA DEL PILAR,Quinto,datos,ATAL_03,117001005841,,Total,Total,Total,Quinto,Total,Total,
ATAL_03,NAN,Quinto,se elimina,ATAL_03,igual,,Total,Total,Total,Quinto,Total,Total,Fila sin colegio
ATAL_04,IE ADOLFO HOYOS OCAMPO,Primero,datos,ATAL_04,117001006104,,Total,Total,Total,Primero,Total,Total,
ATAL_04,IE ADOLFO HOYOS OCAMPO,Segundo,datos,ATAL_04,117001006104,,Total,Total,Total,Segundo,Total,Total,
ATAL_04,IE ADOLFO HOYOS OCAMPO,Tercero,datos,ATAL_04,117001006104,,Total,Total,Total,Tercero,Total,Total,
ATAL_04,IE ADOLFO HOYOS OCAMPO,Cuarto,datos,ATAL_04,117001006104,,Total,Total,Total,Cuarto,Total,Total,
ATAL_04,IE ADOLFO HOYOS OCAMPO,Quinto,datos,ATAL_04,117001006104,,Total,Total,Total,Quinto,Total,Total,
ATAL_04,IE ANDRES BELLO,Primero,datos,ATAL_04,117001001609,,Total,Total,Total,Primero,Total,Total,
ATAL_04,IE ANDRES BELLO,Segundo,datos,ATAL_04,117001001609,,Total,Total,Total,Segundo,Total,Total,
ATAL_04,IE ANDRES BELLO,Tercero,datos,ATAL_04,117001001609,,Total,Total,Total,Tercero,Total,Total,
ATAL_04,IE ANDRES BELLO,Cuarto,datos,ATAL_04,117001001609,,Total,Total,Total,Cuarto,Total,Total,
ATAL_04,IE ANDRES BELLO,Quinto,datos,ATAL_04,117001001609,,Total,Total,Total,Quinto,Total,Total,
ATAL_04,IE ARANJUEZ,Primero,datos,ATAL_04,117001006287,,Total,Total,Total,Primero,Total,Total,
ATAL_04,IE ARANJUEZ,Segundo,datos,ATAL_04,117001006287,,Total,Total,Total,Segundo,Total,Total,
ATAL_04,IE ARANJUEZ,Tercero,datos,ATAL_04,117001006287,,Total,Total,Total,Tercero,Total,Total,
ATAL_04,IE ARANJUEZ,Cuarto,datos,ATAL_04,117001006287,,Total,Total,Total,Cuarto,Total,Total,
ATAL_04,IE ARANJUEZ,Quinto,datos,ATAL_04,117001006287,,Total,Total,Total,Quinto,Total,Total,
ATAL_04,IE ATANASIO GIRARDOT,Primero,datos,ATAL_04,117001000653,,Total,Total,Total,Primero,Total,Total,
ATAL_04,IE ATANASIO GIRARDOT,Segundo,datos,ATAL_04,117001000653,,Total,Total,Total,Segundo,Total,Total,
ATAL_04,IE ATANASIO GIRARDOT,Tercero,datos,ATAL_04,117001000653,,Total,Total,Total,Tercero,Total,Total,
ATAL_04,IE ATANASIO GIRARDOT,Cuarto,datos,ATAL_04,117001000653,,Total,Total,Total,Cuarto,Total,Total,
ATAL_04,IE ATANASIO GIRARDOT,Quinto,datos,ATAL_04,117001000653,,Total,Total,Total,Quinto,Total,Total,
ATAL_04,IE BOSQUES DEL NORTE,Primero,datos,ATAL_04,117001005990,,Total,Total,Total,Primero,Total,Total,
ATAL_04,IE BOSQUES DEL NORTE,Segundo,datos,ATAL_04,117001005990,,Total,Total,Total,Segundo,Total,Total,
ATAL_04,IE BOSQUES DEL NORTE,Tercero,datos,ATAL_04,117001005990,,Total,Total,Total,Tercero,Total,Total,
ATAL_04,IE BOSQUES DEL NORTE,Cuarto,datos,ATAL_04,117001005990,,Total,Total,Total,Cuarto,Total,Total,
ATAL_04,IE BOSQUES DEL NORTE,Quinto,datos,ATAL_04,117001005990,,Total,Total,Total,Quinto,Total,Total,
ATAL_04,IE CHIPRE,Primero,datos,ATAL_04,117001000157,,Total,Total,Total,Primero,Total,Total,
ATAL_04,IE CHIPRE,Segundo,datos,ATAL_04,117001000157,,Total,Total,Total,Segundo,Total,Total,
ATAL_04,IE CHIPRE,Tercero,datos,ATAL_04,117001000157,,Total,Total,Total,Tercero,Total,Total,
ATAL_04,IE CHIPRE,Cuarto,datos,ATAL_04,117001000157,,Total,Total,Total,Cuarto,Total,Total,
ATAL_04,IE CHIPRE,Quinto,datos,ATAL_04,117001000157,,Total,Total,Total,Quinto,Total,Total,
ATAL_04,IE DE CRISTO,Primero,datos,ATAL_04,317001000075,,Total,Total,Total,Primero,Total,Total,
ATAL_04,IE DE CRISTO,Segundo,datos,ATAL_04,317001000075,,Total,Total,Total,Segundo,Total,Total,
ATAL_04,IE DE CRISTO,Tercero,datos,ATAL_04,317001000075,,Total,Total,Total,Tercero,Total,Total,
ATAL_04,IE DE CRISTO,Cuarto,datos,ATAL_04,317001000075,,Total,Total,Total,Cuarto,Total,Total,
ATAL_04,IE DE CRISTO,Quinto,datos,ATAL_04,317001000075,,Total,Total,Total,Quinto,Total,Total,
ATAL_04,IE DIVINA PROVIDENCIA,Primero,datos,ATAL_04,117001001161,,Total,Total,Total,Primero,Total,Total,
ATAL_04,IE DIVINA PROVIDENCIA,Segundo,datos,ATAL_04,117001001161,,Total,Total,Total,Segundo,Total,Total,
ATAL_04,IE DIVINA PROVIDENCIA,Tercero,datos,ATAL_04,117001001161,,Total,Total,Total,Tercero,Total,Total,
ATAL_04,IE DIVINA PROVIDENCIA,Cuarto,datos,ATAL_04,117001001161,,Total,Total,Total,Cuarto,Total,Total,
ATAL_04,IE DIVINA PROVIDENCIA,Quinto,datos,ATAL_04,117001001161,,Total,Total,Total,Quinto,Total,Total,
ATAL_04,IE ESTAMBUL,Primero,datos,ATAL_04,117001004934,,Total,Total,Total,Primero,Total,Total,
ATAL_04,IE ESTAMBUL,Segundo,datos,ATAL_04,117001004934,,Total,Total,Total,Segundo,Total,Total,
ATAL_04,IE ESTAMBUL,Tercero,datos,ATAL_04,117001004934,,Total,Total,Total,Tercero,Total,Total,
ATAL_04,IE ESTAMBUL,Cuarto,datos,ATAL_04,117001004934,,Total,Total,Total,Cuarto,Total,Total,
ATAL_04,IE ESTAMBUL,Quinto,datos,ATAL_04,117001004934,,Total,Total,Total,Quinto,Total,Total,
ATAL_04,IE EUGENIO PACELLI,Primero,datos,ATAL_04,117001000602,,Total,Total,Total,Primero,Total,Total,
ATAL_04,IE EUGENIO PACELLI,Segundo,datos,ATAL_04,117001000602,,Total,Total,Total,Segundo,Total,Total,
ATAL_04,IE EUGENIO PACELLI,Tercero,datos,ATAL_04,117001000602,,Total,Total,Total,Tercero,Total,Total,
ATAL_04,IE EUGENIO PACELLI,Cuarto,datos,ATAL_04,117001000602,,Total,Total,Total,Cuarto,Total,Total,
ATAL_04,IE EUGENIO PACELLI,Quinto,datos,ATAL_04,117001000602,,Total,Total,Total,Quinto,Total,Total,
ATAL_04,IE FE Y ALEGRIA LA PAZ,Primero,datos,ATAL_04,117001005981,,Total,Total,Total,Primero,Total,Total,
ATAL_04,IE FE Y ALEGRIA LA PAZ,Segundo,datos,ATAL_04,117001005981,,Total,Total,Total,Segundo,Total,Total,
ATAL_04,IE FE Y ALEGRIA LA PAZ,Tercero,datos,ATAL_04,117001005981,,Total,Total,Total,Tercero,Total,Total,
ATAL_04,IE FE Y ALEGRIA LA PAZ,Cuarto,datos,ATAL_04,117001005981,,Total,Total,Total,Cuarto,Total,Total,
ATAL_04,IE FE Y ALEGRIA LA PAZ,Quinto,datos,ATAL_04,117001005981,,Total,Total,Total,Quinto,Total,Total,
ATAL_04,IE FRANCISCO JOSE DE CALDAS,Primero,datos,ATAL_04,117001006155,,Total,Total,Total,Primero,Total,Total,
ATAL_04,IE FRANCISCO JOSE DE CALDAS,Segundo,datos,ATAL_04,117001006155,,Total,Total,Total,Segundo,Total,Total,
ATAL_04,IE FRANCISCO JOSE DE CALDAS,Tercero,datos,ATAL_04,117001006155,,Total,Total,Total,Tercero,Total,Total,
ATAL_04,IE FRANCISCO JOSE DE CALDAS,Cuarto,datos,ATAL_04,117001006155,,Total,Total,Total,Cuarto,Total,Total,
ATAL_04,IE FRANCISCO JOSE DE CALDAS,Quinto,datos,ATAL_04,117001006155,,Total,Total,Total,Quinto,Total,Total,
ATAL_04,IE GIOVANNI MONTINI,Primero,datos,ATAL_04,217001002936,,Total,Total,Total,Primero,Total,Total,
ATAL_04,IE GIOVANNI MONTINI,Segundo,datos,ATAL_04,217001002936,,Total,Total,Total,Segundo,Total,Total,
ATAL_04,IE GIOVANNI MONTINI,Tercero,datos,ATAL_04,217001002936,,Total,Total,Total,Tercero,Total,Total,
ATAL_04,IE GIOVANNI MONTINI,Cuarto,datos,ATAL_04,217001002936,,Total,Total,Total,Cuarto,Total,Total,
ATAL_04,IE GIOVANNI MONTINI,Quinto,datos,ATAL_04,217001002936,,Total,Total,Total,Quinto,Total,Total,
ATAL_04,IE GRAN COLOMBIA,Primero,datos,ATAL_04,117001000572,,Total,Total,Total,Primero,Total,Total,
ATAL_04,IE GRAN COLOMBIA,Segundo,datos,ATAL_04,117001000572,,Total,Total,Total,Segundo,Total,Total,
ATAL_04,IE GRAN COLOMBIA,Tercero,datos,ATAL_04,117001000572,,Total,Total,Total,Tercero,Total,Total,
ATAL_04,IE GRAN COLOMBIA,Cuarto,datos,ATAL_04,117001000572,,Total,Total,Total,Cuarto,Total,Total,
ATAL_04,IE GRAN COLOMBIA,Quinto,datos,ATAL_04,117001000572,,Total,Total,Total,Quinto,Total,Total,
ATAL_04,IE GRANADA,Primero,datos,ATAL_04,217001001557,,Total,Total,Total,Primero,Total,Total,
ATAL_04,IE GRANADA,Segundo,datos,ATAL_04,217001001557,,Total,Total,Total,Segundo,Total,Total,
ATAL_04,IE GRANADA,Tercero,datos,ATAL_04,217001001557,,Total,Total,Total,Tercero,Total,Total,
ATAL_04,IE GRANADA,Cuarto,datos,ATAL_04,217001001557,,Total,Total,Total,Cuarto,Total,Total,
ATAL_04,IE GRANADA,Quinto,datos,ATAL_04,217001001557,,Total,Total,Total,Quinto,Total,Total,
ATAL_04,IE INEM BALDOMERO SANIN CANO,Primero,datos,ATAL_04,117001002346,,Total,Total,Total,Primero,Total,Total,
ATAL_04,IE INEM BALDOMERO SANIN CANO,Segundo,datos,ATAL_04,117001002346,,Total,Total,Total,Segundo,Total,Total,
ATAL_04,IE INEM BALDOMERO SANIN CANO,Tercero,datos,ATAL_04,117001002346,,Total,Total,Total,Tercero,Total,Total,
ATAL_04,IE INEM BALDOMERO SANIN CANO,Cuarto,datos,ATAL_04,117001002346,,Total,Total,Total,Cuarto,Total,Total,
ATAL_04,IE INEM BALDOMERO SANIN CANO,Quinto,datos,ATAL_04,117001002346,,Total,Total,Total,Quinto,Total,Total,
ATAL_04,IE INSTITUTO CHIPRE,Primero,datos,ATAL_04,117001000157,,Total,Total,Total,Primero,Total,Total,
ATAL_04,IE INSTITUTO CHIPRE,Segundo,datos,ATAL_04,117001000157,,Total,Total,Total,Segundo,Total,Total,
ATAL_04,IE INSTITUTO CHIPRE,Tercero,datos,ATAL_04,117001000157,,Total,Total,Total,Tercero,Total,Total,
ATAL_04,IE INSTITUTO CHIPRE,Cuarto,datos,ATAL_04,117001000157,,Total,Total,Total,Cuarto,Total,Total,
ATAL_04,IE INSTITUTO CHIPRE,Quinto,datos,ATAL_04,117001000157,,Total,Total,Total,Quinto,Total,Total,
ATAL_04,IE INSTITUTO LATINOAMERICANO,Primero,datos,ATAL_04,117001000611,,Total,Total,Total,Primero,Total,Total,
ATAL_04,IE INSTITUTO LATINOAMERICANO,Segundo,datos,ATAL_04,117001000611,,Total,Total,Total,Segundo,Total,Total,
ATAL_04,IE INSTITUTO LATINOAMERICANO,Tercero,datos,ATAL_04,117001000611,,Total,Total,Total,Tercero,Total,Total,
ATAL_04,IE INSTITUTO LATINOAMERICANO,Cuarto,datos,ATAL_04,117001000611,,Total,Total,Total,Cuarto,Total,Total,
ATAL_04,IE INSTITUTO LATINOAMERICANO,Quinto,datos,ATAL_04,117001000611,,Total,Total,Total,Quinto,Total,Total,
ATAL_04,IE INSTITUTO MANIZALES,Primero,datos,ATAL_04,117001001919,,Total,Total,Total,Primero,Total,Total,
ATAL_04,IE INSTITUTO MANIZALES,Segundo,datos,ATAL_04,117001001919,,Total,Total,Total,Segundo,Total,Total,
ATAL_04,IE INSTITUTO MANIZALES,Tercero,datos,ATAL_04,117001001919,,Total,Total,Total,Tercero,Total,Total,
ATAL_04,IE INSTITUTO MANIZALES,Cuarto,datos,ATAL_04,117001001919,,Total,Total,Total,Cuarto,Total,Total,
ATAL_04,IE INSTITUTO MANIZALES,Quinto,datos,ATAL_04,117001001919,,Total,Total,Total,Quinto,Total,Total,
ATAL_04,IE INSTITUTO PABLO VI,Primero,datos,ATAL_04,117001005965,,Total,Total,Total,Primero,Total,Total,
ATAL_04,IE INSTITUTO PABLO VI,Segundo,datos,ATAL_04,117001005965,,Total,Total,Total,Segundo,Total,Total,
ATAL_04,IE INSTITUTO PABLO VI,Tercero,datos,ATAL_04,117001005965,,Total,Total,Total,Tercero,Total,Total,
ATAL_04,IE INSTITUTO PABLO VI,Cuarto,datos,ATAL_04,117001005965,,Total,Total,Total,Cuarto,Total,Total,
ATAL_04,IE INSTITUTO PABLO VI,Quinto,datos,ATAL_04,117001005965,,Total,Total,Total,Quinto,Total,Total,
ATAL_04,IE INSTITUTO UNIVERSITARIO DE CALDAS,Primero,datos,ATAL_04,117001001536,,Total,Total,Total,Primero,Total,Total,
ATAL_04,IE INSTITUTO UNIVERSITARIO DE CALDAS,Segundo,datos,ATAL_04,117001001536,,Total,Total,Total,Segundo,Total,Total,
ATAL_04,IE INSTITUTO UNIVERSITARIO DE CALDAS,Tercero,datos,ATAL_04,117001001536,,Total,Total,Total,Tercero,Total,Total,
ATAL_04,IE INSTITUTO UNIVERSITARIO DE CALDAS,Cuarto,datos,ATAL_04,117001001536,,Total,Total,Total,Cuarto,Total,Total,
ATAL_04,IE INSTITUTO UNIVERSITARIO DE CALDAS,Quinto,datos,ATAL_04,117001001536,,Total,Total,Total,Quinto,Total,Total,
ATAL_04,IE JOSE ANTONIO GALAN,Primero,datos,ATAL_04,217001006133,,Total,Total,Total,Primero,Total,Total,
ATAL_04,IE JOSE ANTONIO GALAN,Segundo,datos,ATAL_04,217001006133,,Total,Total,Total,Segundo,Total,Total,
ATAL_04,IE JOSE ANTONIO GALAN,Tercero,datos,ATAL_04,217001006133,,Total,Total,Total,Tercero,Total,Total,
ATAL_04,IE JOSE ANTONIO GALAN,Cuarto,datos,ATAL_04,217001006133,,Total,Total,Total,Cuarto,Total,Total,
ATAL_04,IE JOSE ANTONIO GALAN,Quinto,datos,ATAL_04,217001006133,,Total,Total,Total,Quinto,Total,Total,
ATAL_04,IE JUAN PABLO II,Primero,datos,ATAL_04,217001001484,,Total,Total,Total,Primero,Total,Total,
ATAL_04,IE JUAN PABLO II,Segundo,datos,ATAL_04,217001001484,,Total,Total,Total,Segundo,Total,Total,
ATAL_04,IE JUAN PABLO II,Tercero,datos,ATAL_04,217001001484,,Total,Total,Total,Tercero,Total,Total,
ATAL_04,IE JUAN PABLO II,Cuarto,datos,ATAL_04,217001001484,,Total,Total,Total,Cuarto,Total,Total,
ATAL_04,IE JUAN PABLO II,Quinto,datos,ATAL_04,217001001484,,Total,Total,Total,Quinto,Total,Total,
ATAL_04,IE LA ASUNCION,Primero,datos,ATAL_04,117001002737,,Total,Total,Total,Primero,Total,Total,
ATAL_04,IE LA ASUNCION,Segundo,datos,ATAL_04,117001002737,,Total,Total,Total,Segundo,Total,Total,
ATAL_04,IE LA ASUNCION,Tercero,datos,ATAL_04,117001002737,,Total,Total,Total,Tercero,Total,Total,
ATAL_04,IE LA ASUNCION,Cuarto,datos,ATAL_04,117001002737,,Total,Total,Total,Cuarto,Total,Total,
ATAL_04,IE LA ASUNCION,Quinto,datos,ATAL_04,117001002737,,Total,Total,Total,Quinto,Total,Total,
ATAL_04,IE LA CABANA,Primero,datos,ATAL_04,217001001581,,Total,Total,Total,Primero,Total,Total,
ATAL_04,IE LA CABANA,Segundo,datos,ATAL_04,217001001581,,Total,Total,Total,Segundo,Total,Total,
ATAL_04,IE LA CABANA,Tercero,datos,ATAL_04,217001001581,,Total,Total,Total,Tercero,Total,Total,
ATAL_04,IE LA CABANA,Cuarto,datos,ATAL_04,217001001581,,Total,Total,Total,Cuarto,Total,Total,
ATAL_04,IE LA CABANA,Quinto,datos,ATAL_04,217001001581,,Total,Total,Total,Quinto,Total,Total,
ATAL_04,IE LA LINDA,Primero,datos,ATAL_04,117001006112,,Total,Total,Total,Primero,Total,Total,
ATAL_04,IE LA LINDA,Segundo,datos,ATAL_04,117001006112,,Total,Total,Total,Segundo,Total,Total,
ATAL_04,IE LA LINDA,Tercero,datos,ATAL_04,117001006112,,Total,Total,Total,Tercero,Total,Total,
ATAL_04,IE LA LINDA,Cuarto,datos,ATAL_04,117001006112,,Total,Total,Total,Cuarto,Total,Total,
ATAL_04,IE LA LINDA,Quinto,datos,ATAL_04,117001006112,,Total,Total,Total,Quinto,Total,Total,
ATAL_04,IE LA PALMA,Primero,datos,ATAL_04,17001905,,Total,Total,Total,Primero,Total,Total,
ATAL_04,IE LA PALMA,Segundo,datos,ATAL_04,17001905,,Total,Total,Total,Segundo,Total,Total,
ATAL_04,IE LA PALMA,Tercero,datos,ATAL_04,17001905,,Total,Total,Total,Tercero,Total,Total,
ATAL_04,IE LA PALMA,Cuarto,datos,ATAL_04,17001905,,Total,Total,Total,Cuarto,Total,Total,
ATAL_04,IE LA PALMA,Quinto,datos,ATAL_04,17001905,,Total,Total,Total,Quinto,Total,Total,
ATAL_04,IE LA SULTANA,Primero,datos,ATAL_04,117001006180,,Total,Total,Total,Primero,Total,Total,
ATAL_04,IE LA SULTANA,Segundo,datos,ATAL_04,117001006180,,Total,Total,Total,Segundo,Total,Total,
ATAL_04,IE LA SULTANA,Tercero,datos,ATAL_04,117001006180,,Total,Total,Total,Tercero,Total,Total,
ATAL_04,IE LA SULTANA,Cuarto,datos,ATAL_04,117001006180,,Total,Total,Total,Cuarto,Total,Total,
ATAL_04,IE LA SULTANA,Quinto,datos,ATAL_04,117001006180,,Total,Total,Total,Quinto,Total,Total,
ATAL_04,IE LA TRINIDAD,Primero,datos,ATAL_04,217001000275,,Total,Total,Total,Primero,Total,Total,
ATAL_04,IE LA TRINIDAD,Segundo,datos,ATAL_04,217001000275,,Total,Total,Total,Segundo,Total,Total,
ATAL_04,IE LA TRINIDAD,Tercero,datos,ATAL_04,217001000275,,Total,Total,Total,Tercero,Total,Total,
ATAL_04,IE LA TRINIDAD,Cuarto,datos,ATAL_04,217001000275,,Total,Total,Total,Cuarto,Total,Total,
ATAL_04,IE LA TRINIDAD,Quinto,datos,ATAL_04,217001000275,,Total,Total,Total,Quinto,Total,Total,
ATAL_04,IE LA VIOLETA,Primero,datos,ATAL_04,217001002065,,Total,Total,Total,Primero,Total,Total,
ATAL_04,IE LA VIOLETA,Segundo,datos,ATAL_04,217001002065,,Total,Total,Total,Segundo,Total,Total,
ATAL_04,IE LA VIOLETA,Tercero,datos,ATAL_04,217001002065,,Total,Total,Total,Tercero,Total,Total,
ATAL_04,IE LA VIOLETA,Cuarto,datos,ATAL_04,217001002065,,Total,Total,Total,Cuarto,Total,Total,
ATAL_04,IE LA VIOLETA,Quinto,datos,ATAL_04,217001002065,,Total,Total,Total,Quinto,Total,Total,
ATAL_04,IE LEON DE GREIFF,Primero,datos,ATAL_04,117001002257,,Total,Total,Total,Primero,Total,Total,
ATAL_04,IE LEON DE GREIFF,Segundo,datos,ATAL_04,117001002257,,Total,Total,Total,Segundo,Total,Total,
ATAL_04,IE LEON DE GREIFF,Tercero,datos,ATAL_04,117001002257,,Total,Total,Total,Tercero,Total,Total,
ATAL_04,IE LEON DE GREIFF,Cuarto,datos,ATAL_04,117001002257,,Total,Total,Total,Cuarto,Total,Total,
ATAL_04,IE LEON DE GREIFF,Quinto,datos,ATAL_04,117001002257,,Total,Total,Total,Quinto,Total,Total,
ATAL_04,IE LEONARDO DA VINCI,Primero,datos,ATAL_04,117001000998,,Total,Total,Total,Primero,Total,Total,
ATAL_04,IE LEONARDO DA VINCI,Segundo,datos,ATAL_04,117001000998,,Total,Total,Total,Segundo,Total,Total,
ATAL_04,IE LEONARDO DA VINCI,Tercero,datos,ATAL_04,117001000998,,Total,Total,Total,Tercero,Total,Total,
ATAL_04,IE LEONARDO DA VINCI,Cuarto,datos,ATAL_04,117001000998,,Total,Total,Total,Cuarto,Total,Total,
ATAL_04,IE LEONARDO DA VINCI,Quinto,datos,ATAL_04,117001000998,,Total,Total,Total,Quinto,Total,Total,
ATAL_04,IE LICEO ISABEL LA CATOLICA,Primero,datos,ATAL_04,117001001765,,Total,Total,Total,Primero,Total,Total,
ATAL_04,IE LICEO ISABEL LA CATOLICA,Segundo,datos,ATAL_04,117001001765,,Total,Total,Total,Segundo,Total,Total,
ATAL_04,IE LICEO ISABEL LA CATOLICA,Tercero,datos,ATAL_04,117001001765,,Total,Total,Total,Tercero,Total,Total,
ATAL_04,IE LICEO ISABEL LA CATOLICA,Cuarto,datos,ATAL_04,117001001765,,Total,Total,Total,Cuarto,Total,Total,
ATAL_04,IE LICEO ISABEL LA CATOLICA,Quinto,datos,ATAL_04,117001001765,,Total,Total,Total,Quinto,Total,Total,
ATAL_04,IE LICEO LEON DE GREIFF,Primero,datos,ATAL_04,117001002257,,Total,Total,Total,Primero,Total,Total,
ATAL_04,IE LICEO LEON DE GREIFF,Segundo,datos,ATAL_04,117001002257,,Total,Total,Total,Segundo,Total,Total,
ATAL_04,IE LICEO LEON DE GREIFF,Tercero,datos,ATAL_04,117001002257,,Total,Total,Total,Tercero,Total,Total,
ATAL_04,IE LICEO LEON DE GREIFF,Cuarto,datos,ATAL_04,117001002257,,Total,Total,Total,Cuarto,Total,Total,
ATAL_04,IE LICEO LEON DE GREIFF,Quinto,datos,ATAL_04,117001002257,,Total,Total,Total,Quinto,Total,Total,
ATAL_04,IE LICEO MIXTO SINAI,Primero,datos,ATAL_04,117001005256,,Total,Total,Total,Primero,Total,Total,2018 Quinto: se promedia con la otra variante del nombre (misma IE)
ATAL_04,IE LICEO MIXTO SINAI,Segundo,datos,ATAL_04,117001005256,,Total,Total,Total,Segundo,Total,Total,2018 Quinto: se promedia con la otra variante del nombre (misma IE)
ATAL_04,IE LICEO MIXTO SINAI,Tercero,datos,ATAL_04,117001005256,,Total,Total,Total,Tercero,Total,Total,2018 Quinto: se promedia con la otra variante del nombre (misma IE)
ATAL_04,IE LICEO MIXTO SINAI,Cuarto,datos,ATAL_04,117001005256,,Total,Total,Total,Cuarto,Total,Total,2018 Quinto: se promedia con la otra variante del nombre (misma IE)
ATAL_04,IE LICEO MIXTO SINAI,Quinto,datos,ATAL_04,117001005256,,Total,Total,Total,Quinto,Total,Total,2018 Quinto: se promedia con la otra variante del nombre (misma IE)
ATAL_04,IE MALABAR,Primero,datos,ATAL_04,117001002567,,Total,Total,Total,Primero,Total,Total,
ATAL_04,IE MALABAR,Segundo,datos,ATAL_04,117001002567,,Total,Total,Total,Segundo,Total,Total,
ATAL_04,IE MALABAR,Tercero,datos,ATAL_04,117001002567,,Total,Total,Total,Tercero,Total,Total,
ATAL_04,IE MALABAR,Cuarto,datos,ATAL_04,117001002567,,Total,Total,Total,Cuarto,Total,Total,
ATAL_04,IE MALABAR,Quinto,datos,ATAL_04,117001002567,,Total,Total,Total,Quinto,Total,Total,
ATAL_04,IE MALTERIA,Primero,datos,ATAL_04,117001002729,,Total,Total,Total,Primero,Total,Total,
ATAL_04,IE MALTERIA,Segundo,datos,ATAL_04,117001002729,,Total,Total,Total,Segundo,Total,Total,
ATAL_04,IE MALTERIA,Tercero,datos,ATAL_04,117001002729,,Total,Total,Total,Tercero,Total,Total,
ATAL_04,IE MALTERIA,Cuarto,datos,ATAL_04,117001002729,,Total,Total,Total,Cuarto,Total,Total,
ATAL_04,IE MALTERIA,Quinto,datos,ATAL_04,117001002729,,Total,Total,Total,Quinto,Total,Total,
ATAL_04,IE MARCO FIDEL SUAREZ,Primero,datos,ATAL_04,117001006902,,Total,Total,Total,Primero,Total,Total,
ATAL_04,IE MARCO FIDEL SUAREZ,Segundo,datos,ATAL_04,117001006902,,Total,Total,Total,Segundo,Total,Total,
ATAL_04,IE MARCO FIDEL SUAREZ,Tercero,datos,ATAL_04,117001006902,,Total,Total,Total,Tercero,Total,Total,
ATAL_04,IE MARCO FIDEL SUAREZ,Cuarto,datos,ATAL_04,117001006902,,Total,Total,Total,Cuarto,Total,Total,
ATAL_04,IE MARCO FIDEL SUAREZ,Quinto,datos,ATAL_04,117001006902,,Total,Total,Total,Quinto,Total,Total,
ATAL_04,IE MARIA GORETTI,Primero,datos,ATAL_04,217001001085,,Total,Total,Total,Primero,Total,Total,
ATAL_04,IE MARIA GORETTI,Segundo,datos,ATAL_04,217001001085,,Total,Total,Total,Segundo,Total,Total,
ATAL_04,IE MARIA GORETTI,Tercero,datos,ATAL_04,217001001085,,Total,Total,Total,Tercero,Total,Total,
ATAL_04,IE MARIA GORETTI,Cuarto,datos,ATAL_04,217001001085,,Total,Total,Total,Cuarto,Total,Total,
ATAL_04,IE MARIA GORETTI,Quinto,datos,ATAL_04,217001001085,,Total,Total,Total,Quinto,Total,Total,
ATAL_04,IE MARISCAL SUCRE,Primero,datos,ATAL_04,117001002303,,Total,Total,Total,Primero,Total,Total,
ATAL_04,IE MARISCAL SUCRE,Segundo,datos,ATAL_04,117001002303,,Total,Total,Total,Segundo,Total,Total,
ATAL_04,IE MARISCAL SUCRE,Tercero,datos,ATAL_04,117001002303,,Total,Total,Total,Tercero,Total,Total,
ATAL_04,IE MARISCAL SUCRE,Cuarto,datos,ATAL_04,117001002303,,Total,Total,Total,Cuarto,Total,Total,
ATAL_04,IE MARISCAL SUCRE,Quinto,datos,ATAL_04,117001002303,,Total,Total,Total,Quinto,Total,Total,
ATAL_04,IE MIGUEL ANTONIO CARO,Primero,datos,ATAL_04,217001001182,,Total,Total,Total,Primero,Total,Total,
ATAL_04,IE MIGUEL ANTONIO CARO,Segundo,datos,ATAL_04,217001001182,,Total,Total,Total,Segundo,Total,Total,
ATAL_04,IE MIGUEL ANTONIO CARO,Tercero,datos,ATAL_04,217001001182,,Total,Total,Total,Tercero,Total,Total,
ATAL_04,IE MIGUEL ANTONIO CARO,Cuarto,datos,ATAL_04,217001001182,,Total,Total,Total,Cuarto,Total,Total,
ATAL_04,IE MIGUEL ANTONIO CARO,Quinto,datos,ATAL_04,217001001182,,Total,Total,Total,Quinto,Total,Total,
ATAL_04,IE NACIONAL AUXILIAR DE ENFERMERIA,Primero,datos,ATAL_04,117001003822,,Total,Total,Total,Primero,Total,Total,
ATAL_04,IE NACIONAL AUXILIAR DE ENFERMERIA,Segundo,datos,ATAL_04,117001003822,,Total,Total,Total,Segundo,Total,Total,
ATAL_04,IE NACIONAL AUXILIAR DE ENFERMERIA,Tercero,datos,ATAL_04,117001003822,,Total,Total,Total,Tercero,Total,Total,
ATAL_04,IE NACIONAL AUXILIAR DE ENFERMERIA,Cuarto,datos,ATAL_04,117001003822,,Total,Total,Total,Cuarto,Total,Total,
ATAL_04,IE NACIONAL AUXILIAR DE ENFERMERIA,Quinto,datos,ATAL_04,117001003822,,Total,Total,Total,Quinto,Total,Total,
ATAL_04,IE NORMAL SUPERIOR DE CALDAS,Primero,datos,ATAL_04,117001001544,,Total,Total,Total,Primero,Total,Total,
ATAL_04,IE NORMAL SUPERIOR DE CALDAS,Segundo,datos,ATAL_04,117001001544,,Total,Total,Total,Segundo,Total,Total,
ATAL_04,IE NORMAL SUPERIOR DE CALDAS,Tercero,datos,ATAL_04,117001001544,,Total,Total,Total,Tercero,Total,Total,
ATAL_04,IE NORMAL SUPERIOR DE CALDAS,Cuarto,datos,ATAL_04,117001001544,,Total,Total,Total,Cuarto,Total,Total,
ATAL_04,IE NORMAL SUPERIOR DE CALDAS,Quinto,datos,ATAL_04,117001001544,,Total,Total,Total,Quinto,Total,Total,
ATAL_04,IE NORMAL SUPERIOR DE MANIZALES,Primero,datos,ATAL_04,117001000165,,Total,Total,Total,Primero,Total,Total,
ATAL_04,IE NORMAL SUPERIOR DE MANIZALES,Segundo,datos,ATAL_04,117001000165,,Total,Total,Total,Segundo,Total,Total,
ATAL_04,IE NORMAL SUPERIOR DE MANIZALES,Tercero,datos,ATAL_04,117001000165,,Total,Total,Total,Tercero,Total,Total,
ATAL_04,IE NORMAL SUPERIOR DE MANIZALES,Cuarto,datos,ATAL_04,117001000165,,Total,Total,Total,Cuarto,Total,Total,
ATAL_04,IE NORMAL SUPERIOR DE MANIZALES,Quinto,datos,ATAL_04,117001000165,,Total,Total,Total,Quinto,Total,Total,
ATAL_04,IE NUESTRA SENORA DE FATIMA,Primero,datos,ATAL_04,117001004373,,Total,Total,Total,Primero,Total,Total,
ATAL_04,IE NUESTRA SENORA DE FATIMA,Segundo,datos,ATAL_04,117001004373,,Total,Total,Total,Segundo,Total,Total,
ATAL_04,IE NUESTRA SENORA DE FATIMA,Tercero,datos,ATAL_04,117001004373,,Total,Total,Total,Tercero,Total,Total,
ATAL_04,IE NUESTRA SENORA DE FATIMA,Cuarto,datos,ATAL_04,117001004373,,Total,Total,Total,Cuarto,Total,Total,
ATAL_04,IE NUESTRA SENORA DE FATIMA,Quinto,datos,ATAL_04,117001004373,,Total,Total,Total,Quinto,Total,Total,
ATAL_04,IE PABLO VI,Primero,datos,ATAL_04,117001005965,,Total,Total,Total,Primero,Total,Total,
ATAL_04,IE PABLO VI,Segundo,datos,ATAL_04,117001005965,,Total,Total,Total,Segundo,Total,Total,
ATAL_04,IE PABLO VI,Tercero,datos,ATAL_04,117001005965,,Total,Total,Total,Tercero,Total,Total,
ATAL_04,IE PABLO VI,Cuarto,datos,ATAL_04,117001005965,,Total,Total,Total,Cuarto,Total,Total,
ATAL_04,IE PABLO VI,Quinto,datos,ATAL_04,117001005965,,Total,Total,Total,Quinto,Total,Total,
ATAL_04,IE PERPETUO SOCORRO,Primero,datos,ATAL_04,117001002087,,Total,Total,Total,Primero,Total,Total,
ATAL_04,IE PERPETUO SOCORRO,Segundo,datos,ATAL_04,117001002087,,Total,Total,Total,Segundo,Total,Total,
ATAL_04,IE PERPETUO SOCORRO,Tercero,datos,ATAL_04,117001002087,,Total,Total,Total,Tercero,Total,Total,
ATAL_04,IE PERPETUO SOCORRO,Cuarto,datos,ATAL_04,117001002087,,Total,Total,Total,Cuarto,Total,Total,
ATAL_04,IE PERPETUO SOCORRO,Quinto,datos,ATAL_04,117001002087,,Total,Total,Total,Quinto,Total,Total,
ATAL_04,IE RAFAEL POMBO,Primero,datos,ATAL_04,217001000364,,Total,Total,Total,Primero,Total,Total,
ATAL_04,IE RAFAEL POMBO,Segundo,datos,ATAL_04,217001000364,,Total,Total,Total,Segundo,Total,Total,
ATAL_04,IE RAFAEL POMBO,Tercero,datos,ATAL_04,217001000364,,Total,Total,Total,Tercero,Total,Total,
ATAL_04,IE RAFAEL POMBO,Cuarto,datos,ATAL_04,217001000364,,Total,Total,Total,Cuarto,Total,Total,
ATAL_04,IE RAFAEL POMBO,Quinto,datos,ATAL_04,217001000364,,Total,Total,Total,Quinto,Total,Total,
ATAL_04,IE SAN JORGE,Primero,datos,ATAL_04,117001001251,,Total,Total,Total,Primero,Total,Total,
ATAL_04,IE SAN JORGE,Segundo,datos,ATAL_04,117001001251,,Total,Total,Total,Segundo,Total,Total,
ATAL_04,IE SAN JORGE,Tercero,datos,ATAL_04,117001001251,,Total,Total,Total,Tercero,Total,Total,
ATAL_04,IE SAN JORGE,Cuarto,datos,ATAL_04,117001001251,,Total,Total,Total,Cuarto,Total,Total,
ATAL_04,IE SAN JORGE,Quinto,datos,ATAL_04,117001001251,,Total,Total,Total,Quinto,Total,Total,
ATAL_04,IE SAN JUAN BAUTISTA DE LA SALLE,Primero,datos,ATAL_04,117001004438,,Total,Total,Total,Primero,Total,Total,
ATAL_04,IE SAN JUAN BAUTISTA DE LA SALLE,Segundo,datos,ATAL_04,117001004438,,Total,Total,Total,Segundo,Total,Total,
ATAL_04,IE SAN JUAN BAUTISTA DE LA SALLE,Tercero,datos,ATAL_04,117001004438,,Total,Total,Total,Tercero,Total,Total,
ATAL_04,IE SAN JUAN BAUTISTA DE LA SALLE,Cuarto,datos,ATAL_04,117001004438,,Total,Total,Total,Cuarto,Total,Total,
ATAL_04,IE SAN JUAN BAUTISTA DE LA SALLE,Quinto,datos,ATAL_04,117001004438,,Total,Total,Total,Quinto,Total,Total,
ATAL_04,IE SAN PEREGRINO,Primero,datos,ATAL_04,217001006125,,Total,Total,Total,Primero,Total,Total,
ATAL_04,IE SAN PEREGRINO,Segundo,datos,ATAL_04,217001006125,,Total,Total,Total,Segundo,Total,Total,
ATAL_04,IE SAN PEREGRINO,Tercero,datos,ATAL_04,217001006125,,Total,Total,Total,Tercero,Total,Total,
ATAL_04,IE SAN PEREGRINO,Cuarto,datos,ATAL_04,217001006125,,Total,Total,Total,Cuarto,Total,Total,
ATAL_04,IE SAN PEREGRINO,Quinto,datos,ATAL_04,217001006125,,Total,Total,Total,Quinto,Total,Total,
ATAL_04,IE SAN PIO X,Primero,datos,ATAL_04,117001002176,,Total,Total,Total,Primero,Total,Total,
ATAL_04,IE SAN PIO X,Segundo,datos,ATAL_04,117001002176,,Total,Total,Total,Segundo,Total,Total,
ATAL_04,IE SAN PIO X,Tercero,datos,ATAL_04,117001002176,,Total,Total,Total,Tercero,Total,Total,
ATAL_04,IE SAN PIO X,Cuarto,datos,ATAL_04,117001002176,,Total,Total,Total,Cuarto,Total,Total,
ATAL_04,IE SAN PIO X,Quinto,datos,ATAL_04,117001002176,,Total,Total,Total,Quinto,Total,Total,
ATAL_04,IE SAN SEBASTIAN,Primero,datos,ATAL_04,117001800111,,Total,Total,Total,Primero,Total,Total,
ATAL_04,IE SAN SEBASTIAN,Segundo,datos,ATAL_04,117001800111,,Total,Total,Total,Segundo,Total,Total,
ATAL_04,IE SAN SEBASTIAN,Tercero,datos,ATAL_04,117001800111,,Total,Total,Total,Tercero,Total,Total,
ATAL_04,IE SAN SEBASTIAN,Cuarto,datos,ATAL_04,117001800111,,Total,Total,Total,Cuarto,Total,Total,
ATAL_04,IE SAN SEBASTIAN,Quinto,datos,ATAL_04,117001800111,,Total,Total,Total,Quinto,Total,Total,
ATAL_04,IE SANTO DOMINGO SAVIO,Primero,datos,ATAL_04,117001005132,,Total,Total,Total,Primero,Total,Total,
ATAL_04,IE SANTO DOMINGO SAVIO,Segundo,datos,ATAL_04,117001005132,,Total,Total,Total,Segundo,Total,Total,
ATAL_04,IE SANTO DOMINGO SAVIO,Tercero,datos,ATAL_04,117001005132,,Total,Total,Total,Tercero,Total,Total,
ATAL_04,IE SANTO DOMINGO SAVIO,Cuarto,datos,ATAL_04,117001005132,,Total,Total,Total,Cuarto,Total,Total,
ATAL_04,IE SANTO DOMINGO SAVIO,Quinto,datos,ATAL_04,117001005132,,Total,Total,Total,Quinto,Total,Total,
ATAL_04,IE SERAFICO SAN ANTONIO DE PADUA,Primero,datos,ATAL_04,217001000526,,Total,Total,Total,Primero,Total,Total,
ATAL_04,IE SERAFICO SAN ANTONIO DE PADUA,Segundo,datos,ATAL_04,217001000526,,Total,Total,Total,Segundo,Total,Total,
ATAL_04,IE SERAFICO SAN ANTONIO DE PADUA,Tercero,datos,ATAL_04,217001000526,,Total,Total,Total,Tercero,Total,Total,
ATAL_04,IE SERAFICO SAN ANTONIO DE PADUA,Cuarto,datos,ATAL_04,217001000526,,Total,Total,Total,Cuarto,Total,Total,
ATAL_04,IE SERAFICO SAN ANTONIO DE PADUA,Quinto,datos,ATAL_04,217001000526,,Total,Total,Total,Quinto,Total,Total,
ATAL_04,IE SIETE DE AGOSTO,Primero,datos,ATAL_04,117001000033,,Total,Total,Total,Primero,Total,Total,
ATAL_04,IE SIETE DE AGOSTO,Segundo,datos,ATAL_04,117001000033,,Total,Total,Total,Segundo,Total,Total,
ATAL_04,IE SIETE DE AGOSTO,Tercero,datos,ATAL_04,117001000033,,Total,Total,Total,Tercero,Total,Total,
ATAL_04,IE SIETE DE AGOSTO,Cuarto,datos,ATAL_04,117001000033,,Total,Total,Total,Cuarto,Total,Total,
ATAL_04,IE SIETE DE AGOSTO,Quinto,datos,ATAL_04,117001000033,,Total,Total,Total,Quinto,Total,Total,
ATAL_04,IE VILLA DEL PILAR,Primero,datos,ATAL_04,117001005841,,Total,Total,Total,Primero,Total,Total,
ATAL_04,IE VILLA DEL PILAR,Segundo,datos,ATAL_04,117001005841,,Total,Total,Total,Segundo,Total,Total,
ATAL_04,IE VILLA DEL PILAR,Tercero,datos,ATAL_04,117001005841,,Total,Total,Total,Tercero,Total,Total,
ATAL_04,IE VILLA DEL PILAR,Cuarto,datos,ATAL_04,117001005841,,Total,Total,Total,Cuarto,Total,Total,
ATAL_04,IE VILLA DEL PILAR,Quinto,datos,ATAL_04,117001005841,,Total,Total,Total,Quinto,Total,Total,
ATAL_04,NAN,Segundo,se elimina,ATAL_04,igual,,Total,Total,Total,Segundo,Total,Total,Fila sin colegio
ATAL_04,NAN,Tercero,se elimina,ATAL_04,igual,,Total,Total,Total,Tercero,Total,Total,Fila sin colegio
ATAL_04,NAN,Cuarto,se elimina,ATAL_04,igual,,Total,Total,Total,Cuarto,Total,Total,Fila sin colegio
ATAL_01,IE ADOLFO HOYOS OCAMPO,Primero,datos,ATAL_01,117001006104,,Total,Total,Total,Primero,Total,Total,
ATAL_01,IE ADOLFO HOYOS OCAMPO,Segundo,datos,ATAL_01,117001006104,,Total,Total,Total,Segundo,Total,Total,
ATAL_01,IE ADOLFO HOYOS OCAMPO,Tercero,datos,ATAL_01,117001006104,,Total,Total,Total,Tercero,Total,Total,
ATAL_01,IE ADOLFO HOYOS OCAMPO,Cuarto,datos,ATAL_01,117001006104,,Total,Total,Total,Cuarto,Total,Total,
ATAL_01,IE ADOLFO HOYOS OCAMPO,Quinto,datos,ATAL_01,117001006104,,Total,Total,Total,Quinto,Total,Total,
ATAL_01,IE ANDRES BELLO,Primero,datos,ATAL_01,117001001609,,Total,Total,Total,Primero,Total,Total,
ATAL_01,IE ANDRES BELLO,Segundo,datos,ATAL_01,117001001609,,Total,Total,Total,Segundo,Total,Total,
ATAL_01,IE ANDRES BELLO,Tercero,datos,ATAL_01,117001001609,,Total,Total,Total,Tercero,Total,Total,
ATAL_01,IE ANDRES BELLO,Cuarto,datos,ATAL_01,117001001609,,Total,Total,Total,Cuarto,Total,Total,
ATAL_01,IE ANDRES BELLO,Quinto,datos,ATAL_01,117001001609,,Total,Total,Total,Quinto,Total,Total,
ATAL_01,IE ARANJUEZ,Primero,datos,ATAL_01,117001006287,,Total,Total,Total,Primero,Total,Total,
ATAL_01,IE ARANJUEZ,Segundo,datos,ATAL_01,117001006287,,Total,Total,Total,Segundo,Total,Total,
ATAL_01,IE ARANJUEZ,Tercero,datos,ATAL_01,117001006287,,Total,Total,Total,Tercero,Total,Total,
ATAL_01,IE ARANJUEZ,Cuarto,datos,ATAL_01,117001006287,,Total,Total,Total,Cuarto,Total,Total,
ATAL_01,IE ARANJUEZ,Quinto,datos,ATAL_01,117001006287,,Total,Total,Total,Quinto,Total,Total,
ATAL_01,IE ATANASIO GIRARDOT,Primero,datos,ATAL_01,117001000653,,Total,Total,Total,Primero,Total,Total,
ATAL_01,IE ATANASIO GIRARDOT,Segundo,datos,ATAL_01,117001000653,,Total,Total,Total,Segundo,Total,Total,
ATAL_01,IE ATANASIO GIRARDOT,Tercero,datos,ATAL_01,117001000653,,Total,Total,Total,Tercero,Total,Total,
ATAL_01,IE ATANASIO GIRARDOT,Cuarto,datos,ATAL_01,117001000653,,Total,Total,Total,Cuarto,Total,Total,
ATAL_01,IE ATANASIO GIRARDOT,Quinto,datos,ATAL_01,117001000653,,Total,Total,Total,Quinto,Total,Total,
ATAL_01,IE BOSQUES DEL NORTE,Primero,datos,ATAL_01,117001005990,,Total,Total,Total,Primero,Total,Total,
ATAL_01,IE BOSQUES DEL NORTE,Segundo,datos,ATAL_01,117001005990,,Total,Total,Total,Segundo,Total,Total,
ATAL_01,IE BOSQUES DEL NORTE,Tercero,datos,ATAL_01,117001005990,,Total,Total,Total,Tercero,Total,Total,
ATAL_01,IE BOSQUES DEL NORTE,Cuarto,datos,ATAL_01,117001005990,,Total,Total,Total,Cuarto,Total,Total,
ATAL_01,IE BOSQUES DEL NORTE,Quinto,datos,ATAL_01,117001005990,,Total,Total,Total,Quinto,Total,Total,
ATAL_01,IE CHIPRE,Primero,datos,ATAL_01,117001000157,,Total,Total,Total,Primero,Total,Total,
ATAL_01,IE CHIPRE,Segundo,datos,ATAL_01,117001000157,,Total,Total,Total,Segundo,Total,Total,
ATAL_01,IE CHIPRE,Tercero,datos,ATAL_01,117001000157,,Total,Total,Total,Tercero,Total,Total,
ATAL_01,IE CHIPRE,Cuarto,datos,ATAL_01,117001000157,,Total,Total,Total,Cuarto,Total,Total,
ATAL_01,IE CHIPRE,Quinto,datos,ATAL_01,117001000157,,Total,Total,Total,Quinto,Total,Total,
ATAL_01,IE DE CRISTO,Primero,datos,ATAL_01,317001000075,,Total,Total,Total,Primero,Total,Total,
ATAL_01,IE DE CRISTO,Segundo,datos,ATAL_01,317001000075,,Total,Total,Total,Segundo,Total,Total,
ATAL_01,IE DE CRISTO,Tercero,datos,ATAL_01,317001000075,,Total,Total,Total,Tercero,Total,Total,
ATAL_01,IE DE CRISTO,Cuarto,datos,ATAL_01,317001000075,,Total,Total,Total,Cuarto,Total,Total,
ATAL_01,IE DE CRISTO,Quinto,datos,ATAL_01,317001000075,,Total,Total,Total,Quinto,Total,Total,
ATAL_01,IE DIVINA PROVIDENCIA,Primero,datos,ATAL_01,117001001161,,Total,Total,Total,Primero,Total,Total,
ATAL_01,IE DIVINA PROVIDENCIA,Segundo,datos,ATAL_01,117001001161,,Total,Total,Total,Segundo,Total,Total,
ATAL_01,IE DIVINA PROVIDENCIA,Tercero,datos,ATAL_01,117001001161,,Total,Total,Total,Tercero,Total,Total,
ATAL_01,IE DIVINA PROVIDENCIA,Cuarto,datos,ATAL_01,117001001161,,Total,Total,Total,Cuarto,Total,Total,
ATAL_01,IE DIVINA PROVIDENCIA,Quinto,datos,ATAL_01,117001001161,,Total,Total,Total,Quinto,Total,Total,
ATAL_01,IE ESTAMBUL,Primero,datos,ATAL_01,117001004934,,Total,Total,Total,Primero,Total,Total,
ATAL_01,IE ESTAMBUL,Segundo,datos,ATAL_01,117001004934,,Total,Total,Total,Segundo,Total,Total,
ATAL_01,IE ESTAMBUL,Tercero,datos,ATAL_01,117001004934,,Total,Total,Total,Tercero,Total,Total,
ATAL_01,IE ESTAMBUL,Cuarto,datos,ATAL_01,117001004934,,Total,Total,Total,Cuarto,Total,Total,
ATAL_01,IE ESTAMBUL,Quinto,datos,ATAL_01,117001004934,,Total,Total,Total,Quinto,Total,Total,
ATAL_01,IE EUGENIO PACELLI,Primero,datos,ATAL_01,117001000602,,Total,Total,Total,Primero,Total,Total,
ATAL_01,IE EUGENIO PACELLI,Segundo,datos,ATAL_01,117001000602,,Total,Total,Total,Segundo,Total,Total,
ATAL_01,IE EUGENIO PACELLI,Tercero,datos,ATAL_01,117001000602,,Total,Total,Total,Tercero,Total,Total,
ATAL_01,IE EUGENIO PACELLI,Cuarto,datos,ATAL_01,117001000602,,Total,Total,Total,Cuarto,Total,Total,
ATAL_01,IE EUGENIO PACELLI,Quinto,datos,ATAL_01,117001000602,,Total,Total,Total,Quinto,Total,Total,
ATAL_01,IE FE Y ALEGRIA LA PAZ,Primero,datos,ATAL_01,117001005981,,Total,Total,Total,Primero,Total,Total,
ATAL_01,IE FE Y ALEGRIA LA PAZ,Segundo,datos,ATAL_01,117001005981,,Total,Total,Total,Segundo,Total,Total,
ATAL_01,IE FE Y ALEGRIA LA PAZ,Tercero,datos,ATAL_01,117001005981,,Total,Total,Total,Tercero,Total,Total,
ATAL_01,IE FE Y ALEGRIA LA PAZ,Cuarto,datos,ATAL_01,117001005981,,Total,Total,Total,Cuarto,Total,Total,
ATAL_01,IE FE Y ALEGRIA LA PAZ,Quinto,datos,ATAL_01,117001005981,,Total,Total,Total,Quinto,Total,Total,
ATAL_01,IE FRANCISCO JOSE DE CALDAS,Primero,datos,ATAL_01,117001006155,,Total,Total,Total,Primero,Total,Total,
ATAL_01,IE FRANCISCO JOSE DE CALDAS,Segundo,datos,ATAL_01,117001006155,,Total,Total,Total,Segundo,Total,Total,
ATAL_01,IE FRANCISCO JOSE DE CALDAS,Tercero,datos,ATAL_01,117001006155,,Total,Total,Total,Tercero,Total,Total,
ATAL_01,IE FRANCISCO JOSE DE CALDAS,Cuarto,datos,ATAL_01,117001006155,,Total,Total,Total,Cuarto,Total,Total,
ATAL_01,IE FRANCISCO JOSE DE CALDAS,Quinto,datos,ATAL_01,117001006155,,Total,Total,Total,Quinto,Total,Total,
ATAL_01,IE GIOVANNI MONTINI,Primero,datos,ATAL_01,217001002936,,Total,Total,Total,Primero,Total,Total,
ATAL_01,IE GIOVANNI MONTINI,Segundo,datos,ATAL_01,217001002936,,Total,Total,Total,Segundo,Total,Total,
ATAL_01,IE GIOVANNI MONTINI,Tercero,datos,ATAL_01,217001002936,,Total,Total,Total,Tercero,Total,Total,
ATAL_01,IE GIOVANNI MONTINI,Cuarto,datos,ATAL_01,217001002936,,Total,Total,Total,Cuarto,Total,Total,
ATAL_01,IE GIOVANNI MONTINI,Quinto,datos,ATAL_01,217001002936,,Total,Total,Total,Quinto,Total,Total,
ATAL_01,IE GRAN COLOMBIA,Primero,datos,ATAL_01,117001000572,,Total,Total,Total,Primero,Total,Total,
ATAL_01,IE GRAN COLOMBIA,Segundo,datos,ATAL_01,117001000572,,Total,Total,Total,Segundo,Total,Total,
ATAL_01,IE GRAN COLOMBIA,Tercero,datos,ATAL_01,117001000572,,Total,Total,Total,Tercero,Total,Total,
ATAL_01,IE GRAN COLOMBIA,Cuarto,datos,ATAL_01,117001000572,,Total,Total,Total,Cuarto,Total,Total,
ATAL_01,IE GRAN COLOMBIA,Quinto,datos,ATAL_01,117001000572,,Total,Total,Total,Quinto,Total,Total,
ATAL_01,IE GRANADA,Primero,datos,ATAL_01,217001001557,,Total,Total,Total,Primero,Total,Total,
ATAL_01,IE GRANADA,Segundo,datos,ATAL_01,217001001557,,Total,Total,Total,Segundo,Total,Total,
ATAL_01,IE GRANADA,Tercero,datos,ATAL_01,217001001557,,Total,Total,Total,Tercero,Total,Total,
ATAL_01,IE GRANADA,Cuarto,datos,ATAL_01,217001001557,,Total,Total,Total,Cuarto,Total,Total,
ATAL_01,IE GRANADA,Quinto,datos,ATAL_01,217001001557,,Total,Total,Total,Quinto,Total,Total,
ATAL_01,IE INEM BALDOMERO SANIN CANO,Primero,datos,ATAL_01,117001002346,,Total,Total,Total,Primero,Total,Total,
ATAL_01,IE INEM BALDOMERO SANIN CANO,Segundo,datos,ATAL_01,117001002346,,Total,Total,Total,Segundo,Total,Total,
ATAL_01,IE INEM BALDOMERO SANIN CANO,Tercero,datos,ATAL_01,117001002346,,Total,Total,Total,Tercero,Total,Total,
ATAL_01,IE INEM BALDOMERO SANIN CANO,Cuarto,datos,ATAL_01,117001002346,,Total,Total,Total,Cuarto,Total,Total,
ATAL_01,IE INEM BALDOMERO SANIN CANO,Quinto,datos,ATAL_01,117001002346,,Total,Total,Total,Quinto,Total,Total,
ATAL_01,IE INSTITUTO CHIPRE,Primero,datos,ATAL_01,117001000157,,Total,Total,Total,Primero,Total,Total,
ATAL_01,IE INSTITUTO CHIPRE,Segundo,datos,ATAL_01,117001000157,,Total,Total,Total,Segundo,Total,Total,
ATAL_01,IE INSTITUTO CHIPRE,Tercero,datos,ATAL_01,117001000157,,Total,Total,Total,Tercero,Total,Total,
ATAL_01,IE INSTITUTO CHIPRE,Cuarto,datos,ATAL_01,117001000157,,Total,Total,Total,Cuarto,Total,Total,
ATAL_01,IE INSTITUTO CHIPRE,Quinto,datos,ATAL_01,117001000157,,Total,Total,Total,Quinto,Total,Total,
ATAL_01,IE INSTITUTO LATINOAMERICANO,Primero,datos,ATAL_01,117001000611,,Total,Total,Total,Primero,Total,Total,
ATAL_01,IE INSTITUTO LATINOAMERICANO,Segundo,datos,ATAL_01,117001000611,,Total,Total,Total,Segundo,Total,Total,
ATAL_01,IE INSTITUTO LATINOAMERICANO,Tercero,datos,ATAL_01,117001000611,,Total,Total,Total,Tercero,Total,Total,
ATAL_01,IE INSTITUTO LATINOAMERICANO,Cuarto,datos,ATAL_01,117001000611,,Total,Total,Total,Cuarto,Total,Total,
ATAL_01,IE INSTITUTO LATINOAMERICANO,Quinto,datos,ATAL_01,117001000611,,Total,Total,Total,Quinto,Total,Total,
ATAL_01,IE INSTITUTO MANIZALES,Primero,datos,ATAL_01,117001001919,,Total,Total,Total,Primero,Total,Total,
ATAL_01,IE INSTITUTO MANIZALES,Segundo,datos,ATAL_01,117001001919,,Total,Total,Total,Segundo,Total,Total,
ATAL_01,IE INSTITUTO MANIZALES,Tercero,datos,ATAL_01,117001001919,,Total,Total,Total,Tercero,Total,Total,
ATAL_01,IE INSTITUTO MANIZALES,Cuarto,datos,ATAL_01,117001001919,,Total,Total,Total,Cuarto,Total,Total,
ATAL_01,IE INSTITUTO MANIZALES,Quinto,datos,ATAL_01,117001001919,,Total,Total,Total,Quinto,Total,Total,
ATAL_01,IE INSTITUTO PABLO VI,Primero,datos,ATAL_01,117001005965,,Total,Total,Total,Primero,Total,Total,
ATAL_01,IE INSTITUTO PABLO VI,Segundo,datos,ATAL_01,117001005965,,Total,Total,Total,Segundo,Total,Total,
ATAL_01,IE INSTITUTO PABLO VI,Tercero,datos,ATAL_01,117001005965,,Total,Total,Total,Tercero,Total,Total,
ATAL_01,IE INSTITUTO PABLO VI,Cuarto,datos,ATAL_01,117001005965,,Total,Total,Total,Cuarto,Total,Total,
ATAL_01,IE INSTITUTO PABLO VI,Quinto,datos,ATAL_01,117001005965,,Total,Total,Total,Quinto,Total,Total,
ATAL_01,IE INSTITUTO UNIVERSITARIO DE CALDAS,Primero,datos,ATAL_01,117001001536,,Total,Total,Total,Primero,Total,Total,
ATAL_01,IE INSTITUTO UNIVERSITARIO DE CALDAS,Segundo,datos,ATAL_01,117001001536,,Total,Total,Total,Segundo,Total,Total,
ATAL_01,IE INSTITUTO UNIVERSITARIO DE CALDAS,Tercero,datos,ATAL_01,117001001536,,Total,Total,Total,Tercero,Total,Total,
ATAL_01,IE INSTITUTO UNIVERSITARIO DE CALDAS,Cuarto,datos,ATAL_01,117001001536,,Total,Total,Total,Cuarto,Total,Total,
ATAL_01,IE INSTITUTO UNIVERSITARIO DE CALDAS,Quinto,datos,ATAL_01,117001001536,,Total,Total,Total,Quinto,Total,Total,
ATAL_01,IE JOSE ANTONIO GALAN,Primero,datos,ATAL_01,217001006133,,Total,Total,Total,Primero,Total,Total,
ATAL_01,IE JOSE ANTONIO GALAN,Segundo,datos,ATAL_01,217001006133,,Total,Total,Total,Segundo,Total,Total,
ATAL_01,IE JOSE ANTONIO GALAN,Tercero,datos,ATAL_01,217001006133,,Total,Total,Total,Tercero,Total,Total,
ATAL_01,IE JOSE ANTONIO GALAN,Cuarto,datos,ATAL_01,217001006133,,Total,Total,Total,Cuarto,Total,Total,
ATAL_01,IE JOSE ANTONIO GALAN,Quinto,datos,ATAL_01,217001006133,,Total,Total,Total,Quinto,Total,Total,
ATAL_01,IE JUAN PABLO II,Segundo,datos,ATAL_01,217001001484,,Total,Total,Total,Segundo,Total,Total,
ATAL_01,IE JUAN PABLO II,Tercero,datos,ATAL_01,217001001484,,Total,Total,Total,Tercero,Total,Total,
ATAL_01,IE JUAN PABLO II,Cuarto,datos,ATAL_01,217001001484,,Total,Total,Total,Cuarto,Total,Total,
ATAL_01,IE JUAN PABLO II,Quinto,datos,ATAL_01,217001001484,,Total,Total,Total,Quinto,Total,Total,
ATAL_01,IE LA ASUNCION,Primero,datos,ATAL_01,117001002737,,Total,Total,Total,Primero,Total,Total,
ATAL_01,IE LA ASUNCION,Segundo,datos,ATAL_01,117001002737,,Total,Total,Total,Segundo,Total,Total,
ATAL_01,IE LA ASUNCION,Tercero,datos,ATAL_01,117001002737,,Total,Total,Total,Tercero,Total,Total,
ATAL_01,IE LA ASUNCION,Cuarto,datos,ATAL_01,117001002737,,Total,Total,Total,Cuarto,Total,Total,
ATAL_01,IE LA ASUNCION,Quinto,datos,ATAL_01,117001002737,,Total,Total,Total,Quinto,Total,Total,
ATAL_01,IE LA CABANA,Primero,datos,ATAL_01,217001001581,,Total,Total,Total,Primero,Total,Total,
ATAL_01,IE LA CABANA,Segundo,datos,ATAL_01,217001001581,,Total,Total,Total,Segundo,Total,Total,
ATAL_01,IE LA CABANA,Tercero,datos,ATAL_01,217001001581,,Total,Total,Total,Tercero,Total,Total,
ATAL_01,IE LA CABANA,Cuarto,datos,ATAL_01,217001001581,,Total,Total,Total,Cuarto,Total,Total,
ATAL_01,IE LA CABANA,Quinto,datos,ATAL_01,217001001581,,Total,Total,Total,Quinto,Total,Total,
ATAL_01,IE LA LINDA,Primero,datos,ATAL_01,117001006112,,Total,Total,Total,Primero,Total,Total,
ATAL_01,IE LA LINDA,Segundo,datos,ATAL_01,117001006112,,Total,Total,Total,Segundo,Total,Total,
ATAL_01,IE LA LINDA,Tercero,datos,ATAL_01,117001006112,,Total,Total,Total,Tercero,Total,Total,
ATAL_01,IE LA LINDA,Cuarto,datos,ATAL_01,117001006112,,Total,Total,Total,Cuarto,Total,Total,
ATAL_01,IE LA LINDA,Quinto,datos,ATAL_01,117001006112,,Total,Total,Total,Quinto,Total,Total,
ATAL_01,IE LA PALMA,Primero,datos,ATAL_01,17001905,,Total,Total,Total,Primero,Total,Total,
ATAL_01,IE LA PALMA,Segundo,datos,ATAL_01,17001905,,Total,Total,Total,Segundo,Total,Total,
ATAL_01,IE LA PALMA,Tercero,datos,ATAL_01,17001905,,Total,Total,Total,Tercero,Total,Total,
ATAL_01,IE LA PALMA,Cuarto,datos,ATAL_01,17001905,,Total,Total,Total,Cuarto,Total,Total,
ATAL_01,IE LA PALMA,Quinto,datos,ATAL_01,17001905,,Total,Total,Total,Quinto,Total,Total,
ATAL_01,IE LA SULTANA,Primero,datos,ATAL_01,117001006180,,Total,Total,Total,Primero,Total,Total,
ATAL_01,IE LA SULTANA,Segundo,datos,ATAL_01,117001006180,,Total,Total,Total,Segundo,Total,Total,
ATAL_01,IE LA SULTANA,Tercero,datos,ATAL_01,117001006180,,Total,Total,Total,Tercero,Total,Total,
ATAL_01,IE LA SULTANA,Cuarto,datos,ATAL_01,117001006180,,Total,Total,Total,Cuarto,Total,Total,
ATAL_01,IE LA SULTANA,Quinto,datos,ATAL_01,117001006180,,Total,Total,Total,Quinto,Total,Total,
ATAL_01,IE LA TRINIDAD,Primero,datos,ATAL_01,217001000275,,Total,Total,Total,Primero,Total,Total,
ATAL_01,IE LA TRINIDAD,Segundo,datos,ATAL_01,217001000275,,Total,Total,Total,Segundo,Total,Total,
ATAL_01,IE LA TRINIDAD,Tercero,datos,ATAL_01,217001000275,,Total,Total,Total,Tercero,Total,Total,
ATAL_01,IE LA TRINIDAD,Cuarto,datos,ATAL_01,217001000275,,Total,Total,Total,Cuarto,Total,Total,
ATAL_01,IE LA TRINIDAD,Quinto,datos,ATAL_01,217001000275,,Total,Total,Total,Quinto,Total,Total,
ATAL_01,IE LA VIOLETA,Primero,datos,ATAL_01,217001002065,,Total,Total,Total,Primero,Total,Total,
ATAL_01,IE LA VIOLETA,Segundo,datos,ATAL_01,217001002065,,Total,Total,Total,Segundo,Total,Total,
ATAL_01,IE LA VIOLETA,Tercero,datos,ATAL_01,217001002065,,Total,Total,Total,Tercero,Total,Total,
ATAL_01,IE LA VIOLETA,Cuarto,datos,ATAL_01,217001002065,,Total,Total,Total,Cuarto,Total,Total,
ATAL_01,IE LA VIOLETA,Quinto,datos,ATAL_01,217001002065,,Total,Total,Total,Quinto,Total,Total,
ATAL_01,IE LEON DE GREIFF,Primero,datos,ATAL_01,117001002257,,Total,Total,Total,Primero,Total,Total,
ATAL_01,IE LEON DE GREIFF,Segundo,datos,ATAL_01,117001002257,,Total,Total,Total,Segundo,Total,Total,
ATAL_01,IE LEON DE GREIFF,Tercero,datos,ATAL_01,117001002257,,Total,Total,Total,Tercero,Total,Total,
ATAL_01,IE LEON DE GREIFF,Cuarto,datos,ATAL_01,117001002257,,Total,Total,Total,Cuarto,Total,Total,
ATAL_01,IE LEON DE GREIFF,Quinto,datos,ATAL_01,117001002257,,Total,Total,Total,Quinto,Total,Total,
ATAL_01,IE LEONARDO DA VINCI,Primero,datos,ATAL_01,117001000998,,Total,Total,Total,Primero,Total,Total,
ATAL_01,IE LEONARDO DA VINCI,Segundo,datos,ATAL_01,117001000998,,Total,Total,Total,Segundo,Total,Total,
ATAL_01,IE LEONARDO DA VINCI,Tercero,datos,ATAL_01,117001000998,,Total,Total,Total,Tercero,Total,Total,
ATAL_01,IE LEONARDO DA VINCI,Cuarto,datos,ATAL_01,117001000998,,Total,Total,Total,Cuarto,Total,Total,
ATAL_01,IE LEONARDO DA VINCI,Quinto,datos,ATAL_01,117001000998,,Total,Total,Total,Quinto,Total,Total,
ATAL_01,IE LICEO ISABEL LA CATOLICA,Primero,datos,ATAL_01,117001001765,,Total,Total,Total,Primero,Total,Total,
ATAL_01,IE LICEO ISABEL LA CATOLICA,Segundo,datos,ATAL_01,117001001765,,Total,Total,Total,Segundo,Total,Total,
ATAL_01,IE LICEO ISABEL LA CATOLICA,Tercero,datos,ATAL_01,117001001765,,Total,Total,Total,Tercero,Total,Total,
ATAL_01,IE LICEO ISABEL LA CATOLICA,Cuarto,datos,ATAL_01,117001001765,,Total,Total,Total,Cuarto,Total,Total,
ATAL_01,IE LICEO ISABEL LA CATOLICA,Quinto,datos,ATAL_01,117001001765,,Total,Total,Total,Quinto,Total,Total,
ATAL_01,IE LICEO LEON DE GREIFF,Primero,datos,ATAL_01,117001002257,,Total,Total,Total,Primero,Total,Total,
ATAL_01,IE LICEO LEON DE GREIFF,Segundo,datos,ATAL_01,117001002257,,Total,Total,Total,Segundo,Total,Total,
ATAL_01,IE LICEO LEON DE GREIFF,Tercero,datos,ATAL_01,117001002257,,Total,Total,Total,Tercero,Total,Total,
ATAL_01,IE LICEO LEON DE GREIFF,Cuarto,datos,ATAL_01,117001002257,,Total,Total,Total,Cuarto,Total,Total,
ATAL_01,IE LICEO LEON DE GREIFF,Quinto,datos,ATAL_01,117001002257,,Total,Total,Total,Quinto,Total,Total,
ATAL_01,IE LICEO MIXTO SINAI,Primero,datos,ATAL_01,117001005256,,Total,Total,Total,Primero,Total,Total,2018 Quinto: se promedia con la otra variante del nombre (misma IE)
ATAL_01,IE LICEO MIXTO SINAI,Segundo,datos,ATAL_01,117001005256,,Total,Total,Total,Segundo,Total,Total,2018 Quinto: se promedia con la otra variante del nombre (misma IE)
ATAL_01,IE LICEO MIXTO SINAI,Tercero,datos,ATAL_01,117001005256,,Total,Total,Total,Tercero,Total,Total,2018 Quinto: se promedia con la otra variante del nombre (misma IE)
ATAL_01,IE LICEO MIXTO SINAI,Cuarto,datos,ATAL_01,117001005256,,Total,Total,Total,Cuarto,Total,Total,2018 Quinto: se promedia con la otra variante del nombre (misma IE)
ATAL_01,IE LICEO MIXTO SINAI,Quinto,datos,ATAL_01,117001005256,,Total,Total,Total,Quinto,Total,Total,2018 Quinto: se promedia con la otra variante del nombre (misma IE)
ATAL_01,IE LICEO MIXTO SINAI­,Quinto,datos,ATAL_01,117001005256,,Total,Total,Total,Quinto,Total,Total,2018 Quinto: se promedia con la otra variante del nombre (misma IE)
ATAL_01,IE MALABAR,Primero,datos,ATAL_01,117001002567,,Total,Total,Total,Primero,Total,Total,
ATAL_01,IE MALABAR,Segundo,datos,ATAL_01,117001002567,,Total,Total,Total,Segundo,Total,Total,
ATAL_01,IE MALABAR,Tercero,datos,ATAL_01,117001002567,,Total,Total,Total,Tercero,Total,Total,
ATAL_01,IE MALABAR,Cuarto,datos,ATAL_01,117001002567,,Total,Total,Total,Cuarto,Total,Total,
ATAL_01,IE MALABAR,Quinto,datos,ATAL_01,117001002567,,Total,Total,Total,Quinto,Total,Total,
ATAL_01,IE MALTERIA,Primero,datos,ATAL_01,117001002729,,Total,Total,Total,Primero,Total,Total,
ATAL_01,IE MALTERIA,Segundo,datos,ATAL_01,117001002729,,Total,Total,Total,Segundo,Total,Total,
ATAL_01,IE MALTERIA,Tercero,datos,ATAL_01,117001002729,,Total,Total,Total,Tercero,Total,Total,
ATAL_01,IE MALTERIA,Cuarto,datos,ATAL_01,117001002729,,Total,Total,Total,Cuarto,Total,Total,
ATAL_01,IE MALTERIA,Quinto,datos,ATAL_01,117001002729,,Total,Total,Total,Quinto,Total,Total,
ATAL_01,IE MARCO FIDEL SUAREZ,Primero,datos,ATAL_01,117001006902,,Total,Total,Total,Primero,Total,Total,
ATAL_01,IE MARCO FIDEL SUAREZ,Segundo,datos,ATAL_01,117001006902,,Total,Total,Total,Segundo,Total,Total,
ATAL_01,IE MARCO FIDEL SUAREZ,Tercero,datos,ATAL_01,117001006902,,Total,Total,Total,Tercero,Total,Total,
ATAL_01,IE MARCO FIDEL SUAREZ,Cuarto,datos,ATAL_01,117001006902,,Total,Total,Total,Cuarto,Total,Total,
ATAL_01,IE MARCO FIDEL SUAREZ,Quinto,datos,ATAL_01,117001006902,,Total,Total,Total,Quinto,Total,Total,
ATAL_01,IE MARIA GORETTI,Primero,datos,ATAL_01,217001001085,,Total,Total,Total,Primero,Total,Total,
ATAL_01,IE MARIA GORETTI,Segundo,datos,ATAL_01,217001001085,,Total,Total,Total,Segundo,Total,Total,
ATAL_01,IE MARIA GORETTI,Tercero,datos,ATAL_01,217001001085,,Total,Total,Total,Tercero,Total,Total,
ATAL_01,IE MARIA GORETTI,Cuarto,datos,ATAL_01,217001001085,,Total,Total,Total,Cuarto,Total,Total,
ATAL_01,IE MARIA GORETTI,Quinto,datos,ATAL_01,217001001085,,Total,Total,Total,Quinto,Total,Total,
ATAL_01,IE MARISCAL SUCRE,Primero,datos,ATAL_01,117001002303,,Total,Total,Total,Primero,Total,Total,
ATAL_01,IE MARISCAL SUCRE,Segundo,datos,ATAL_01,117001002303,,Total,Total,Total,Segundo,Total,Total,
ATAL_01,IE MARISCAL SUCRE,Tercero,datos,ATAL_01,117001002303,,Total,Total,Total,Tercero,Total,Total,
ATAL_01,IE MARISCAL SUCRE,Cuarto,datos,ATAL_01,117001002303,,Total,Total,Total,Cuarto,Total,Total,
ATAL_01,IE MARISCAL SUCRE,Quinto,datos,ATAL_01,117001002303,,Total,Total,Total,Quinto,Total,Total,
ATAL_01,IE MIGUEL ANTONIO CARO,Primero,datos,ATAL_01,217001001182,,Total,Total,Total,Primero,Total,Total,
ATAL_01,IE MIGUEL ANTONIO CARO,Segundo,datos,ATAL_01,217001001182,,Total,Total,Total,Segundo,Total,Total,
ATAL_01,IE MIGUEL ANTONIO CARO,Tercero,datos,ATAL_01,217001001182,,Total,Total,Total,Tercero,Total,Total,
ATAL_01,IE MIGUEL ANTONIO CARO,Cuarto,datos,ATAL_01,217001001182,,Total,Total,Total,Cuarto,Total,Total,
ATAL_01,IE MIGUEL ANTONIO CARO,Quinto,datos,ATAL_01,217001001182,,Total,Total,Total,Quinto,Total,Total,
ATAL_01,IE NACIONAL AUXILIAR DE ENFERMERIA,Primero,datos,ATAL_01,117001003822,,Total,Total,Total,Primero,Total,Total,
ATAL_01,IE NACIONAL AUXILIAR DE ENFERMERIA,Segundo,datos,ATAL_01,117001003822,,Total,Total,Total,Segundo,Total,Total,
ATAL_01,IE NACIONAL AUXILIAR DE ENFERMERIA,Tercero,datos,ATAL_01,117001003822,,Total,Total,Total,Tercero,Total,Total,
ATAL_01,IE NACIONAL AUXILIAR DE ENFERMERIA,Cuarto,datos,ATAL_01,117001003822,,Total,Total,Total,Cuarto,Total,Total,
ATAL_01,IE NACIONAL AUXILIAR DE ENFERMERIA,Quinto,datos,ATAL_01,117001003822,,Total,Total,Total,Quinto,Total,Total,
ATAL_01,IE NORMAL SUPERIOR DE CALDAS,Primero,datos,ATAL_01,117001001544,,Total,Total,Total,Primero,Total,Total,
ATAL_01,IE NORMAL SUPERIOR DE CALDAS,Segundo,datos,ATAL_01,117001001544,,Total,Total,Total,Segundo,Total,Total,
ATAL_01,IE NORMAL SUPERIOR DE CALDAS,Tercero,datos,ATAL_01,117001001544,,Total,Total,Total,Tercero,Total,Total,
ATAL_01,IE NORMAL SUPERIOR DE CALDAS,Cuarto,datos,ATAL_01,117001001544,,Total,Total,Total,Cuarto,Total,Total,
ATAL_01,IE NORMAL SUPERIOR DE CALDAS,Quinto,datos,ATAL_01,117001001544,,Total,Total,Total,Quinto,Total,Total,
ATAL_01,IE NORMAL SUPERIOR DE MANIZALES,Primero,datos,ATAL_01,117001000165,,Total,Total,Total,Primero,Total,Total,
ATAL_01,IE NORMAL SUPERIOR DE MANIZALES,Segundo,datos,ATAL_01,117001000165,,Total,Total,Total,Segundo,Total,Total,
ATAL_01,IE NORMAL SUPERIOR DE MANIZALES,Tercero,datos,ATAL_01,117001000165,,Total,Total,Total,Tercero,Total,Total,
ATAL_01,IE NORMAL SUPERIOR DE MANIZALES,Cuarto,datos,ATAL_01,117001000165,,Total,Total,Total,Cuarto,Total,Total,
ATAL_01,IE NORMAL SUPERIOR DE MANIZALES,Quinto,datos,ATAL_01,117001000165,,Total,Total,Total,Quinto,Total,Total,
ATAL_01,IE NUESTRA SENORA DE FATIMA,Primero,datos,ATAL_01,117001004373,,Total,Total,Total,Primero,Total,Total,
ATAL_01,IE NUESTRA SENORA DE FATIMA,Segundo,datos,ATAL_01,117001004373,,Total,Total,Total,Segundo,Total,Total,
ATAL_01,IE NUESTRA SENORA DE FATIMA,Tercero,datos,ATAL_01,117001004373,,Total,Total,Total,Tercero,Total,Total,
ATAL_01,IE NUESTRA SENORA DE FATIMA,Cuarto,datos,ATAL_01,117001004373,,Total,Total,Total,Cuarto,Total,Total,
ATAL_01,IE NUESTRA SENORA DE FATIMA,Quinto,datos,ATAL_01,117001004373,,Total,Total,Total,Quinto,Total,Total,
ATAL_01,IE PABLO VI,Primero,datos,ATAL_01,117001005965,,Total,Total,Total,Primero,Total,Total,
ATAL_01,IE PABLO VI,Segundo,datos,ATAL_01,117001005965,,Total,Total,Total,Segundo,Total,Total,
ATAL_01,IE PABLO VI,Tercero,datos,ATAL_01,117001005965,,Total,Total,Total,Tercero,Total,Total,
ATAL_01,IE PABLO VI,Cuarto,datos,ATAL_01,117001005965,,Total,Total,Total,Cuarto,Total,Total,
ATAL_01,IE PABLO VI,Quinto,datos,ATAL_01,117001005965,,Total,Total,Total,Quinto,Total,Total,
ATAL_01,IE PERPETUO SOCORRO,Primero,datos,ATAL_01,117001002087,,Total,Total,Total,Primero,Total,Total,
ATAL_01,IE PERPETUO SOCORRO,Segundo,datos,ATAL_01,117001002087,,Total,Total,Total,Segundo,Total,Total,
ATAL_01,IE PERPETUO SOCORRO,Tercero,datos,ATAL_01,117001002087,,Total,Total,Total,Tercero,Total,Total,
ATAL_01,IE PERPETUO SOCORRO,Cuarto,datos,ATAL_01,117001002087,,Total,Total,Total,Cuarto,Total,Total,
ATAL_01,IE PERPETUO SOCORRO,Quinto,datos,ATAL_01,117001002087,,Total,Total,Total,Quinto,Total,Total,
ATAL_01,IE RAFAEL POMBO,Primero,datos,ATAL_01,217001000364,,Total,Total,Total,Primero,Total,Total,
ATAL_01,IE RAFAEL POMBO,Segundo,datos,ATAL_01,217001000364,,Total,Total,Total,Segundo,Total,Total,
ATAL_01,IE RAFAEL POMBO,Tercero,datos,ATAL_01,217001000364,,Total,Total,Total,Tercero,Total,Total,
ATAL_01,IE RAFAEL POMBO,Cuarto,datos,ATAL_01,217001000364,,Total,Total,Total,Cuarto,Total,Total,
ATAL_01,IE RAFAEL POMBO,Quinto,datos,ATAL_01,217001000364,,Total,Total,Total,Quinto,Total,Total,
ATAL_01,IE SAN JORGE,Primero,datos,ATAL_01,117001001251,,Total,Total,Total,Primero,Total,Total,
ATAL_01,IE SAN JORGE,Segundo,datos,ATAL_01,117001001251,,Total,Total,Total,Segundo,Total,Total,
ATAL_01,IE SAN JORGE,Tercero,datos,ATAL_01,117001001251,,Total,Total,Total,Tercero,Total,Total,
ATAL_01,IE SAN JORGE,Cuarto,datos,ATAL_01,117001001251,,Total,Total,Total,Cuarto,Total,Total,
ATAL_01,IE SAN JORGE,Quinto,datos,ATAL_01,117001001251,,Total,Total,Total,Quinto,Total,Total,
ATAL_01,IE SAN JUAN BAUTISTA DE LA SALLE,Primero,datos,ATAL_01,117001004438,,Total,Total,Total,Primero,Total,Total,
ATAL_01,IE SAN JUAN BAUTISTA DE LA SALLE,Segundo,datos,ATAL_01,117001004438,,Total,Total,Total,Segundo,Total,Total,
ATAL_01,IE SAN JUAN BAUTISTA DE LA SALLE,Tercero,datos,ATAL_01,117001004438,,Total,Total,Total,Tercero,Total,Total,
ATAL_01,IE SAN JUAN BAUTISTA DE LA SALLE,Cuarto,datos,ATAL_01,117001004438,,Total,Total,Total,Cuarto,Total,Total,
ATAL_01,IE SAN JUAN BAUTISTA DE LA SALLE,Quinto,datos,ATAL_01,117001004438,,Total,Total,Total,Quinto,Total,Total,
ATAL_01,IE SAN PEREGRINO,Primero,datos,ATAL_01,217001006125,,Total,Total,Total,Primero,Total,Total,
ATAL_01,IE SAN PEREGRINO,Segundo,datos,ATAL_01,217001006125,,Total,Total,Total,Segundo,Total,Total,
ATAL_01,IE SAN PEREGRINO,Tercero,datos,ATAL_01,217001006125,,Total,Total,Total,Tercero,Total,Total,
ATAL_01,IE SAN PEREGRINO,Cuarto,datos,ATAL_01,217001006125,,Total,Total,Total,Cuarto,Total,Total,
ATAL_01,IE SAN PEREGRINO,Quinto,datos,ATAL_01,217001006125,,Total,Total,Total,Quinto,Total,Total,
ATAL_01,IE SAN PIO X,Primero,datos,ATAL_01,117001002176,,Total,Total,Total,Primero,Total,Total,
ATAL_01,IE SAN PIO X,Segundo,datos,ATAL_01,117001002176,,Total,Total,Total,Segundo,Total,Total,
ATAL_01,IE SAN PIO X,Tercero,datos,ATAL_01,117001002176,,Total,Total,Total,Tercero,Total,Total,
ATAL_01,IE SAN PIO X,Cuarto,datos,ATAL_01,117001002176,,Total,Total,Total,Cuarto,Total,Total,
ATAL_01,IE SAN PIO X,Quinto,datos,ATAL_01,117001002176,,Total,Total,Total,Quinto,Total,Total,
ATAL_01,IE SAN SEBASTIAN,Primero,datos,ATAL_01,117001800111,,Total,Total,Total,Primero,Total,Total,
ATAL_01,IE SAN SEBASTIAN,Segundo,datos,ATAL_01,117001800111,,Total,Total,Total,Segundo,Total,Total,
ATAL_01,IE SAN SEBASTIAN,Tercero,datos,ATAL_01,117001800111,,Total,Total,Total,Tercero,Total,Total,
ATAL_01,IE SAN SEBASTIAN,Cuarto,datos,ATAL_01,117001800111,,Total,Total,Total,Cuarto,Total,Total,
ATAL_01,IE SAN SEBASTIAN,Quinto,datos,ATAL_01,117001800111,,Total,Total,Total,Quinto,Total,Total,
ATAL_01,IE SANTO DOMINGO SAVIO,Primero,datos,ATAL_01,117001005132,,Total,Total,Total,Primero,Total,Total,
ATAL_01,IE SANTO DOMINGO SAVIO,Segundo,datos,ATAL_01,117001005132,,Total,Total,Total,Segundo,Total,Total,
ATAL_01,IE SANTO DOMINGO SAVIO,Tercero,datos,ATAL_01,117001005132,,Total,Total,Total,Tercero,Total,Total,
ATAL_01,IE SANTO DOMINGO SAVIO,Cuarto,datos,ATAL_01,117001005132,,Total,Total,Total,Cuarto,Total,Total,
ATAL_01,IE SANTO DOMINGO SAVIO,Quinto,datos,ATAL_01,117001005132,,Total,Total,Total,Quinto,Total,Total,
ATAL_01,IE SERAFICO SAN ANTONIO DE PADUA,Primero,datos,ATAL_01,217001000526,,Total,Total,Total,Primero,Total,Total,
ATAL_01,IE SERAFICO SAN ANTONIO DE PADUA,Segundo,datos,ATAL_01,217001000526,,Total,Total,Total,Segundo,Total,Total,
ATAL_01,IE SERAFICO SAN ANTONIO DE PADUA,Tercero,datos,ATAL_01,217001000526,,Total,Total,Total,Tercero,Total,Total,
ATAL_01,IE SERAFICO SAN ANTONIO DE PADUA,Cuarto,datos,ATAL_01,217001000526,,Total,Total,Total,Cuarto,Total,Total,
ATAL_01,IE SERAFICO SAN ANTONIO DE PADUA,Quinto,datos,ATAL_01,217001000526,,Total,Total,Total,Quinto,Total,Total,
ATAL_01,IE SIETE DE AGOSTO,Primero,datos,ATAL_01,117001000033,,Total,Total,Total,Primero,Total,Total,
ATAL_01,IE SIETE DE AGOSTO,Segundo,datos,ATAL_01,117001000033,,Total,Total,Total,Segundo,Total,Total,
ATAL_01,IE SIETE DE AGOSTO,Tercero,datos,ATAL_01,117001000033,,Total,Total,Total,Tercero,Total,Total,
ATAL_01,IE SIETE DE AGOSTO,Cuarto,datos,ATAL_01,117001000033,,Total,Total,Total,Cuarto,Total,Total,
ATAL_01,IE SIETE DE AGOSTO,Quinto,datos,ATAL_01,117001000033,,Total,Total,Total,Quinto,Total,Total,
ATAL_01,IE VILLA DEL PILAR,Primero,datos,ATAL_01,117001005841,,Total,Total,Total,Primero,Total,Total,
ATAL_01,IE VILLA DEL PILAR,Segundo,datos,ATAL_01,117001005841,,Total,Total,Total,Segundo,Total,Total,
ATAL_01,IE VILLA DEL PILAR,Tercero,datos,ATAL_01,117001005841,,Total,Total,Total,Tercero,Total,Total,
ATAL_01,IE VILLA DEL PILAR,Cuarto,datos,ATAL_01,117001005841,,Total,Total,Total,Cuarto,Total,Total,
ATAL_01,IE VILLA DEL PILAR,Quinto,datos,ATAL_01,117001005841,,Total,Total,Total,Quinto,Total,Total,
ATAL_01,NAN,Quinto,se elimina,ATAL_01,igual,,Total,Total,Total,Quinto,Total,Total,Fila sin colegio
ATAL_02,IE ADOLFO HOYOS OCAMPO,Primero,datos,ATAL_02,117001006104,,Total,Total,Total,Primero,Total,Total,
ATAL_02,IE ADOLFO HOYOS OCAMPO,Segundo,datos,ATAL_02,117001006104,,Total,Total,Total,Segundo,Total,Total,
ATAL_02,IE ADOLFO HOYOS OCAMPO,Tercero,datos,ATAL_02,117001006104,,Total,Total,Total,Tercero,Total,Total,
ATAL_02,IE ADOLFO HOYOS OCAMPO,Cuarto,datos,ATAL_02,117001006104,,Total,Total,Total,Cuarto,Total,Total,
ATAL_02,IE ADOLFO HOYOS OCAMPO,Quinto,datos,ATAL_02,117001006104,,Total,Total,Total,Quinto,Total,Total,
ATAL_02,IE ANDRES BELLO,Primero,datos,ATAL_02,117001001609,,Total,Total,Total,Primero,Total,Total,
ATAL_02,IE ANDRES BELLO,Segundo,datos,ATAL_02,117001001609,,Total,Total,Total,Segundo,Total,Total,
ATAL_02,IE ANDRES BELLO,Tercero,datos,ATAL_02,117001001609,,Total,Total,Total,Tercero,Total,Total,
ATAL_02,IE ANDRES BELLO,Cuarto,datos,ATAL_02,117001001609,,Total,Total,Total,Cuarto,Total,Total,
ATAL_02,IE ANDRES BELLO,Quinto,datos,ATAL_02,117001001609,,Total,Total,Total,Quinto,Total,Total,
ATAL_02,IE ARANJUEZ,Primero,datos,ATAL_02,117001006287,,Total,Total,Total,Primero,Total,Total,
ATAL_02,IE ARANJUEZ,Segundo,datos,ATAL_02,117001006287,,Total,Total,Total,Segundo,Total,Total,
ATAL_02,IE ARANJUEZ,Tercero,datos,ATAL_02,117001006287,,Total,Total,Total,Tercero,Total,Total,
ATAL_02,IE ARANJUEZ,Cuarto,datos,ATAL_02,117001006287,,Total,Total,Total,Cuarto,Total,Total,
ATAL_02,IE ARANJUEZ,Quinto,datos,ATAL_02,117001006287,,Total,Total,Total,Quinto,Total,Total,
ATAL_02,IE ATANASIO GIRARDOT,Primero,datos,ATAL_02,117001000653,,Total,Total,Total,Primero,Total,Total,
ATAL_02,IE ATANASIO GIRARDOT,Segundo,datos,ATAL_02,117001000653,,Total,Total,Total,Segundo,Total,Total,
ATAL_02,IE ATANASIO GIRARDOT,Tercero,datos,ATAL_02,117001000653,,Total,Total,Total,Tercero,Total,Total,
ATAL_02,IE ATANASIO GIRARDOT,Cuarto,datos,ATAL_02,117001000653,,Total,Total,Total,Cuarto,Total,Total,
ATAL_02,IE ATANASIO GIRARDOT,Quinto,datos,ATAL_02,117001000653,,Total,Total,Total,Quinto,Total,Total,
ATAL_02,IE BOSQUES DEL NORTE,Primero,datos,ATAL_02,117001005990,,Total,Total,Total,Primero,Total,Total,
ATAL_02,IE BOSQUES DEL NORTE,Segundo,datos,ATAL_02,117001005990,,Total,Total,Total,Segundo,Total,Total,
ATAL_02,IE BOSQUES DEL NORTE,Tercero,datos,ATAL_02,117001005990,,Total,Total,Total,Tercero,Total,Total,
ATAL_02,IE BOSQUES DEL NORTE,Cuarto,datos,ATAL_02,117001005990,,Total,Total,Total,Cuarto,Total,Total,
ATAL_02,IE BOSQUES DEL NORTE,Quinto,datos,ATAL_02,117001005990,,Total,Total,Total,Quinto,Total,Total,
ATAL_02,IE CHIPRE,Primero,datos,ATAL_02,117001000157,,Total,Total,Total,Primero,Total,Total,
ATAL_02,IE CHIPRE,Segundo,datos,ATAL_02,117001000157,,Total,Total,Total,Segundo,Total,Total,
ATAL_02,IE CHIPRE,Tercero,datos,ATAL_02,117001000157,,Total,Total,Total,Tercero,Total,Total,
ATAL_02,IE CHIPRE,Cuarto,datos,ATAL_02,117001000157,,Total,Total,Total,Cuarto,Total,Total,
ATAL_02,IE CHIPRE,Quinto,datos,ATAL_02,117001000157,,Total,Total,Total,Quinto,Total,Total,
ATAL_02,IE DE CRISTO,Primero,datos,ATAL_02,317001000075,,Total,Total,Total,Primero,Total,Total,
ATAL_02,IE DE CRISTO,Segundo,datos,ATAL_02,317001000075,,Total,Total,Total,Segundo,Total,Total,
ATAL_02,IE DE CRISTO,Tercero,datos,ATAL_02,317001000075,,Total,Total,Total,Tercero,Total,Total,
ATAL_02,IE DE CRISTO,Cuarto,datos,ATAL_02,317001000075,,Total,Total,Total,Cuarto,Total,Total,
ATAL_02,IE DE CRISTO,Quinto,datos,ATAL_02,317001000075,,Total,Total,Total,Quinto,Total,Total,
ATAL_02,IE DIVINA PROVIDENCIA,Primero,datos,ATAL_02,117001001161,,Total,Total,Total,Primero,Total,Total,
ATAL_02,IE DIVINA PROVIDENCIA,Segundo,datos,ATAL_02,117001001161,,Total,Total,Total,Segundo,Total,Total,
ATAL_02,IE DIVINA PROVIDENCIA,Tercero,datos,ATAL_02,117001001161,,Total,Total,Total,Tercero,Total,Total,
ATAL_02,IE DIVINA PROVIDENCIA,Cuarto,datos,ATAL_02,117001001161,,Total,Total,Total,Cuarto,Total,Total,
ATAL_02,IE DIVINA PROVIDENCIA,Quinto,datos,ATAL_02,117001001161,,Total,Total,Total,Quinto,Total,Total,
ATAL_02,IE ESTAMBUL,Primero,datos,ATAL_02,117001004934,,Total,Total,Total,Primero,Total,Total,
ATAL_02,IE ESTAMBUL,Segundo,datos,ATAL_02,117001004934,,Total,Total,Total,Segundo,Total,Total,
ATAL_02,IE ESTAMBUL,Tercero,datos,ATAL_02,117001004934,,Total,Total,Total,Tercero,Total,Total,
ATAL_02,IE ESTAMBUL,Cuarto,datos,ATAL_02,117001004934,,Total,Total,Total,Cuarto,Total,Total,
ATAL_02,IE ESTAMBUL,Quinto,datos,ATAL_02,117001004934,,Total,Total,Total,Quinto,Total,Total,
ATAL_02,IE EUGENIO PACELLI,Primero,datos,ATAL_02,117001000602,,Total,Total,Total,Primero,Total,Total,
ATAL_02,IE EUGENIO PACELLI,Segundo,datos,ATAL_02,117001000602,,Total,Total,Total,Segundo,Total,Total,
ATAL_02,IE EUGENIO PACELLI,Tercero,datos,ATAL_02,117001000602,,Total,Total,Total,Tercero,Total,Total,
ATAL_02,IE EUGENIO PACELLI,Cuarto,datos,ATAL_02,117001000602,,Total,Total,Total,Cuarto,Total,Total,
ATAL_02,IE EUGENIO PACELLI,Quinto,datos,ATAL_02,117001000602,,Total,Total,Total,Quinto,Total,Total,
ATAL_02,IE FE Y ALEGRIA LA PAZ,Primero,datos,ATAL_02,117001005981,,Total,Total,Total,Primero,Total,Total,
ATAL_02,IE FE Y ALEGRIA LA PAZ,Segundo,datos,ATAL_02,117001005981,,Total,Total,Total,Segundo,Total,Total,
ATAL_02,IE FE Y ALEGRIA LA PAZ,Tercero,datos,ATAL_02,117001005981,,Total,Total,Total,Tercero,Total,Total,
ATAL_02,IE FE Y ALEGRIA LA PAZ,Cuarto,datos,ATAL_02,117001005981,,Total,Total,Total,Cuarto,Total,Total,
ATAL_02,IE FE Y ALEGRIA LA PAZ,Quinto,datos,ATAL_02,117001005981,,Total,Total,Total,Quinto,Total,Total,
ATAL_02,IE FRANCISCO JOSE DE CALDAS,Primero,datos,ATAL_02,117001006155,,Total,Total,Total,Primero,Total,Total,
ATAL_02,IE FRANCISCO JOSE DE CALDAS,Segundo,datos,ATAL_02,117001006155,,Total,Total,Total,Segundo,Total,Total,
ATAL_02,IE FRANCISCO JOSE DE CALDAS,Tercero,datos,ATAL_02,117001006155,,Total,Total,Total,Tercero,Total,Total,
ATAL_02,IE FRANCISCO JOSE DE CALDAS,Cuarto,datos,ATAL_02,117001006155,,Total,Total,Total,Cuarto,Total,Total,
ATAL_02,IE FRANCISCO JOSE DE CALDAS,Quinto,datos,ATAL_02,117001006155,,Total,Total,Total,Quinto,Total,Total,
ATAL_02,IE GIOVANNI MONTINI,Primero,datos,ATAL_02,217001002936,,Total,Total,Total,Primero,Total,Total,
ATAL_02,IE GIOVANNI MONTINI,Segundo,datos,ATAL_02,217001002936,,Total,Total,Total,Segundo,Total,Total,
ATAL_02,IE GIOVANNI MONTINI,Tercero,datos,ATAL_02,217001002936,,Total,Total,Total,Tercero,Total,Total,
ATAL_02,IE GIOVANNI MONTINI,Cuarto,datos,ATAL_02,217001002936,,Total,Total,Total,Cuarto,Total,Total,
ATAL_02,IE GIOVANNI MONTINI,Quinto,datos,ATAL_02,217001002936,,Total,Total,Total,Quinto,Total,Total,
ATAL_02,IE GRAN COLOMBIA,Primero,datos,ATAL_02,117001000572,,Total,Total,Total,Primero,Total,Total,
ATAL_02,IE GRAN COLOMBIA,Segundo,datos,ATAL_02,117001000572,,Total,Total,Total,Segundo,Total,Total,
ATAL_02,IE GRAN COLOMBIA,Tercero,datos,ATAL_02,117001000572,,Total,Total,Total,Tercero,Total,Total,
ATAL_02,IE GRAN COLOMBIA,Cuarto,datos,ATAL_02,117001000572,,Total,Total,Total,Cuarto,Total,Total,
ATAL_02,IE GRAN COLOMBIA,Quinto,datos,ATAL_02,117001000572,,Total,Total,Total,Quinto,Total,Total,
ATAL_02,IE GRANADA,Primero,datos,ATAL_02,217001001557,,Total,Total,Total,Primero,Total,Total,
ATAL_02,IE GRANADA,Segundo,datos,ATAL_02,217001001557,,Total,Total,Total,Segundo,Total,Total,
ATAL_02,IE GRANADA,Tercero,datos,ATAL_02,217001001557,,Total,Total,Total,Tercero,Total,Total,
ATAL_02,IE GRANADA,Cuarto,datos,ATAL_02,217001001557,,Total,Total,Total,Cuarto,Total,Total,
ATAL_02,IE GRANADA,Quinto,datos,ATAL_02,217001001557,,Total,Total,Total,Quinto,Total,Total,
ATAL_02,IE INEM BALDOMERO SANIN CANO,Primero,datos,ATAL_02,117001002346,,Total,Total,Total,Primero,Total,Total,
ATAL_02,IE INEM BALDOMERO SANIN CANO,Segundo,datos,ATAL_02,117001002346,,Total,Total,Total,Segundo,Total,Total,
ATAL_02,IE INEM BALDOMERO SANIN CANO,Tercero,datos,ATAL_02,117001002346,,Total,Total,Total,Tercero,Total,Total,
ATAL_02,IE INEM BALDOMERO SANIN CANO,Cuarto,datos,ATAL_02,117001002346,,Total,Total,Total,Cuarto,Total,Total,
ATAL_02,IE INEM BALDOMERO SANIN CANO,Quinto,datos,ATAL_02,117001002346,,Total,Total,Total,Quinto,Total,Total,
ATAL_02,IE INSTITUTO CHIPRE,Primero,datos,ATAL_02,117001000157,,Total,Total,Total,Primero,Total,Total,
ATAL_02,IE INSTITUTO CHIPRE,Segundo,datos,ATAL_02,117001000157,,Total,Total,Total,Segundo,Total,Total,
ATAL_02,IE INSTITUTO CHIPRE,Tercero,datos,ATAL_02,117001000157,,Total,Total,Total,Tercero,Total,Total,
ATAL_02,IE INSTITUTO CHIPRE,Cuarto,datos,ATAL_02,117001000157,,Total,Total,Total,Cuarto,Total,Total,
ATAL_02,IE INSTITUTO CHIPRE,Quinto,datos,ATAL_02,117001000157,,Total,Total,Total,Quinto,Total,Total,
ATAL_02,IE INSTITUTO LATINOAMERICANO,Primero,datos,ATAL_02,117001000611,,Total,Total,Total,Primero,Total,Total,
ATAL_02,IE INSTITUTO LATINOAMERICANO,Segundo,datos,ATAL_02,117001000611,,Total,Total,Total,Segundo,Total,Total,
ATAL_02,IE INSTITUTO LATINOAMERICANO,Tercero,datos,ATAL_02,117001000611,,Total,Total,Total,Tercero,Total,Total,
ATAL_02,IE INSTITUTO LATINOAMERICANO,Cuarto,datos,ATAL_02,117001000611,,Total,Total,Total,Cuarto,Total,Total,
ATAL_02,IE INSTITUTO LATINOAMERICANO,Quinto,datos,ATAL_02,117001000611,,Total,Total,Total,Quinto,Total,Total,
ATAL_02,IE INSTITUTO MANIZALES,Primero,datos,ATAL_02,117001001919,,Total,Total,Total,Primero,Total,Total,
ATAL_02,IE INSTITUTO MANIZALES,Segundo,datos,ATAL_02,117001001919,,Total,Total,Total,Segundo,Total,Total,
ATAL_02,IE INSTITUTO MANIZALES,Tercero,datos,ATAL_02,117001001919,,Total,Total,Total,Tercero,Total,Total,
ATAL_02,IE INSTITUTO MANIZALES,Cuarto,datos,ATAL_02,117001001919,,Total,Total,Total,Cuarto,Total,Total,
ATAL_02,IE INSTITUTO MANIZALES,Quinto,datos,ATAL_02,117001001919,,Total,Total,Total,Quinto,Total,Total,
ATAL_02,IE INSTITUTO PABLO VI,Primero,datos,ATAL_02,117001005965,,Total,Total,Total,Primero,Total,Total,
ATAL_02,IE INSTITUTO PABLO VI,Segundo,datos,ATAL_02,117001005965,,Total,Total,Total,Segundo,Total,Total,
ATAL_02,IE INSTITUTO PABLO VI,Tercero,datos,ATAL_02,117001005965,,Total,Total,Total,Tercero,Total,Total,
ATAL_02,IE INSTITUTO PABLO VI,Cuarto,datos,ATAL_02,117001005965,,Total,Total,Total,Cuarto,Total,Total,
ATAL_02,IE INSTITUTO PABLO VI,Quinto,datos,ATAL_02,117001005965,,Total,Total,Total,Quinto,Total,Total,
ATAL_02,IE INSTITUTO UNIVERSITARIO DE CALDAS,Primero,datos,ATAL_02,117001001536,,Total,Total,Total,Primero,Total,Total,
ATAL_02,IE INSTITUTO UNIVERSITARIO DE CALDAS,Segundo,datos,ATAL_02,117001001536,,Total,Total,Total,Segundo,Total,Total,
ATAL_02,IE INSTITUTO UNIVERSITARIO DE CALDAS,Tercero,datos,ATAL_02,117001001536,,Total,Total,Total,Tercero,Total,Total,
ATAL_02,IE INSTITUTO UNIVERSITARIO DE CALDAS,Cuarto,datos,ATAL_02,117001001536,,Total,Total,Total,Cuarto,Total,Total,
ATAL_02,IE INSTITUTO UNIVERSITARIO DE CALDAS,Quinto,datos,ATAL_02,117001001536,,Total,Total,Total,Quinto,Total,Total,
ATAL_02,IE JOSE ANTONIO GALAN,Primero,datos,ATAL_02,217001006133,,Total,Total,Total,Primero,Total,Total,
ATAL_02,IE JOSE ANTONIO GALAN,Segundo,datos,ATAL_02,217001006133,,Total,Total,Total,Segundo,Total,Total,
ATAL_02,IE JOSE ANTONIO GALAN,Tercero,datos,ATAL_02,217001006133,,Total,Total,Total,Tercero,Total,Total,
ATAL_02,IE JOSE ANTONIO GALAN,Cuarto,datos,ATAL_02,217001006133,,Total,Total,Total,Cuarto,Total,Total,
ATAL_02,IE JOSE ANTONIO GALAN,Quinto,datos,ATAL_02,217001006133,,Total,Total,Total,Quinto,Total,Total,
ATAL_02,IE JUAN PABLO II,Primero,datos,ATAL_02,217001001484,,Total,Total,Total,Primero,Total,Total,
ATAL_02,IE JUAN PABLO II,Segundo,datos,ATAL_02,217001001484,,Total,Total,Total,Segundo,Total,Total,
ATAL_02,IE JUAN PABLO II,Tercero,datos,ATAL_02,217001001484,,Total,Total,Total,Tercero,Total,Total,
ATAL_02,IE JUAN PABLO II,Cuarto,datos,ATAL_02,217001001484,,Total,Total,Total,Cuarto,Total,Total,
ATAL_02,IE JUAN PABLO II,Quinto,datos,ATAL_02,217001001484,,Total,Total,Total,Quinto,Total,Total,
ATAL_02,IE LA ASUNCION,Primero,datos,ATAL_02,117001002737,,Total,Total,Total,Primero,Total,Total,
ATAL_02,IE LA ASUNCION,Segundo,datos,ATAL_02,117001002737,,Total,Total,Total,Segundo,Total,Total,
ATAL_02,IE LA ASUNCION,Tercero,datos,ATAL_02,117001002737,,Total,Total,Total,Tercero,Total,Total,
ATAL_02,IE LA ASUNCION,Cuarto,datos,ATAL_02,117001002737,,Total,Total,Total,Cuarto,Total,Total,
ATAL_02,IE LA ASUNCION,Quinto,datos,ATAL_02,117001002737,,Total,Total,Total,Quinto,Total,Total,
ATAL_02,IE LA CABANA,Primero,datos,ATAL_02,217001001581,,Total,Total,Total,Primero,Total,Total,
ATAL_02,IE LA CABANA,Segundo,datos,ATAL_02,217001001581,,Total,Total,Total,Segundo,Total,Total,
ATAL_02,IE LA CABANA,Tercero,datos,ATAL_02,217001001581,,Total,Total,Total,Tercero,Total,Total,
ATAL_02,IE LA CABANA,Cuarto,datos,ATAL_02,217001001581,,Total,Total,Total,Cuarto,Total,Total,
ATAL_02,IE LA CABANA,Quinto,datos,ATAL_02,217001001581,,Total,Total,Total,Quinto,Total,Total,
ATAL_02,IE LA LINDA,Primero,datos,ATAL_02,117001006112,,Total,Total,Total,Primero,Total,Total,
ATAL_02,IE LA LINDA,Segundo,datos,ATAL_02,117001006112,,Total,Total,Total,Segundo,Total,Total,
ATAL_02,IE LA LINDA,Tercero,datos,ATAL_02,117001006112,,Total,Total,Total,Tercero,Total,Total,
ATAL_02,IE LA LINDA,Cuarto,datos,ATAL_02,117001006112,,Total,Total,Total,Cuarto,Total,Total,
ATAL_02,IE LA LINDA,Quinto,datos,ATAL_02,117001006112,,Total,Total,Total,Quinto,Total,Total,
ATAL_02,IE LA PALMA,Primero,datos,ATAL_02,17001905,,Total,Total,Total,Primero,Total,Total,
ATAL_02,IE LA PALMA,Segundo,datos,ATAL_02,17001905,,Total,Total,Total,Segundo,Total,Total,
ATAL_02,IE LA PALMA,Tercero,datos,ATAL_02,17001905,,Total,Total,Total,Tercero,Total,Total,
ATAL_02,IE LA PALMA,Cuarto,datos,ATAL_02,17001905,,Total,Total,Total,Cuarto,Total,Total,
ATAL_02,IE LA PALMA,Quinto,datos,ATAL_02,17001905,,Total,Total,Total,Quinto,Total,Total,
ATAL_02,IE LA SULTANA,Primero,datos,ATAL_02,117001006180,,Total,Total,Total,Primero,Total,Total,
ATAL_02,IE LA SULTANA,Segundo,datos,ATAL_02,117001006180,,Total,Total,Total,Segundo,Total,Total,
ATAL_02,IE LA SULTANA,Tercero,datos,ATAL_02,117001006180,,Total,Total,Total,Tercero,Total,Total,
ATAL_02,IE LA SULTANA,Cuarto,datos,ATAL_02,117001006180,,Total,Total,Total,Cuarto,Total,Total,
ATAL_02,IE LA SULTANA,Quinto,datos,ATAL_02,117001006180,,Total,Total,Total,Quinto,Total,Total,
ATAL_02,IE LA TRINIDAD,Primero,datos,ATAL_02,217001000275,,Total,Total,Total,Primero,Total,Total,
ATAL_02,IE LA TRINIDAD,Segundo,datos,ATAL_02,217001000275,,Total,Total,Total,Segundo,Total,Total,
ATAL_02,IE LA TRINIDAD,Tercero,datos,ATAL_02,217001000275,,Total,Total,Total,Tercero,Total,Total,
ATAL_02,IE LA TRINIDAD,Cuarto,datos,ATAL_02,217001000275,,Total,Total,Total,Cuarto,Total,Total,
ATAL_02,IE LA TRINIDAD,Quinto,datos,ATAL_02,217001000275,,Total,Total,Total,Quinto,Total,Total,
ATAL_02,IE LA VIOLETA,Primero,datos,ATAL_02,217001002065,,Total,Total,Total,Primero,Total,Total,
ATAL_02,IE LA VIOLETA,Segundo,datos,ATAL_02,217001002065,,Total,Total,Total,Segundo,Total,Total,
ATAL_02,IE LA VIOLETA,Tercero,datos,ATAL_02,217001002065,,Total,Total,Total,Tercero,Total,Total,
ATAL_02,IE LA VIOLETA,Cuarto,datos,ATAL_02,217001002065,,Total,Total,Total,Cuarto,Total,Total,
ATAL_02,IE LA VIOLETA,Quinto,datos,ATAL_02,217001002065,,Total,Total,Total,Quinto,Total,Total,
ATAL_02,IE LEON DE GREIFF,Primero,datos,ATAL_02,117001002257,,Total,Total,Total,Primero,Total,Total,
ATAL_02,IE LEON DE GREIFF,Segundo,datos,ATAL_02,117001002257,,Total,Total,Total,Segundo,Total,Total,
ATAL_02,IE LEON DE GREIFF,Tercero,datos,ATAL_02,117001002257,,Total,Total,Total,Tercero,Total,Total,
ATAL_02,IE LEON DE GREIFF,Cuarto,datos,ATAL_02,117001002257,,Total,Total,Total,Cuarto,Total,Total,
ATAL_02,IE LEON DE GREIFF,Quinto,datos,ATAL_02,117001002257,,Total,Total,Total,Quinto,Total,Total,
ATAL_02,IE LEONARDO DA VINCI,Primero,datos,ATAL_02,117001000998,,Total,Total,Total,Primero,Total,Total,
ATAL_02,IE LEONARDO DA VINCI,Segundo,datos,ATAL_02,117001000998,,Total,Total,Total,Segundo,Total,Total,
ATAL_02,IE LEONARDO DA VINCI,Tercero,datos,ATAL_02,117001000998,,Total,Total,Total,Tercero,Total,Total,
ATAL_02,IE LEONARDO DA VINCI,Cuarto,datos,ATAL_02,117001000998,,Total,Total,Total,Cuarto,Total,Total,
ATAL_02,IE LEONARDO DA VINCI,Quinto,datos,ATAL_02,117001000998,,Total,Total,Total,Quinto,Total,Total,
ATAL_02,IE LICEO ISABEL LA CATOLICA,Primero,datos,ATAL_02,117001001765,,Total,Total,Total,Primero,Total,Total,
ATAL_02,IE LICEO ISABEL LA CATOLICA,Segundo,datos,ATAL_02,117001001765,,Total,Total,Total,Segundo,Total,Total,
ATAL_02,IE LICEO ISABEL LA CATOLICA,Tercero,datos,ATAL_02,117001001765,,Total,Total,Total,Tercero,Total,Total,
ATAL_02,IE LICEO ISABEL LA CATOLICA,Cuarto,datos,ATAL_02,117001001765,,Total,Total,Total,Cuarto,Total,Total,
ATAL_02,IE LICEO ISABEL LA CATOLICA,Quinto,datos,ATAL_02,117001001765,,Total,Total,Total,Quinto,Total,Total,
ATAL_02,IE LICEO LEON DE GREIFF,Primero,datos,ATAL_02,117001002257,,Total,Total,Total,Primero,Total,Total,
ATAL_02,IE LICEO LEON DE GREIFF,Segundo,datos,ATAL_02,117001002257,,Total,Total,Total,Segundo,Total,Total,
ATAL_02,IE LICEO LEON DE GREIFF,Tercero,datos,ATAL_02,117001002257,,Total,Total,Total,Tercero,Total,Total,
ATAL_02,IE LICEO LEON DE GREIFF,Cuarto,datos,ATAL_02,117001002257,,Total,Total,Total,Cuarto,Total,Total,
ATAL_02,IE LICEO LEON DE GREIFF,Quinto,datos,ATAL_02,117001002257,,Total,Total,Total,Quinto,Total,Total,
ATAL_02,IE LICEO MIXTO SINAI,Primero,datos,ATAL_02,117001005256,,Total,Total,Total,Primero,Total,Total,2018 Quinto: se promedia con la otra variante del nombre (misma IE)
ATAL_02,IE LICEO MIXTO SINAI,Segundo,datos,ATAL_02,117001005256,,Total,Total,Total,Segundo,Total,Total,2018 Quinto: se promedia con la otra variante del nombre (misma IE)
ATAL_02,IE LICEO MIXTO SINAI,Tercero,datos,ATAL_02,117001005256,,Total,Total,Total,Tercero,Total,Total,2018 Quinto: se promedia con la otra variante del nombre (misma IE)
ATAL_02,IE LICEO MIXTO SINAI,Cuarto,datos,ATAL_02,117001005256,,Total,Total,Total,Cuarto,Total,Total,2018 Quinto: se promedia con la otra variante del nombre (misma IE)
ATAL_02,IE LICEO MIXTO SINAI,Quinto,datos,ATAL_02,117001005256,,Total,Total,Total,Quinto,Total,Total,2018 Quinto: se promedia con la otra variante del nombre (misma IE)
ATAL_02,IE MALABAR,Primero,datos,ATAL_02,117001002567,,Total,Total,Total,Primero,Total,Total,
ATAL_02,IE MALABAR,Segundo,datos,ATAL_02,117001002567,,Total,Total,Total,Segundo,Total,Total,
ATAL_02,IE MALABAR,Tercero,datos,ATAL_02,117001002567,,Total,Total,Total,Tercero,Total,Total,
ATAL_02,IE MALABAR,Cuarto,datos,ATAL_02,117001002567,,Total,Total,Total,Cuarto,Total,Total,
ATAL_02,IE MALABAR,Quinto,datos,ATAL_02,117001002567,,Total,Total,Total,Quinto,Total,Total,
ATAL_02,IE MALTERIA,Primero,datos,ATAL_02,117001002729,,Total,Total,Total,Primero,Total,Total,
ATAL_02,IE MALTERIA,Segundo,datos,ATAL_02,117001002729,,Total,Total,Total,Segundo,Total,Total,
ATAL_02,IE MALTERIA,Tercero,datos,ATAL_02,117001002729,,Total,Total,Total,Tercero,Total,Total,
ATAL_02,IE MALTERIA,Cuarto,datos,ATAL_02,117001002729,,Total,Total,Total,Cuarto,Total,Total,
ATAL_02,IE MALTERIA,Quinto,datos,ATAL_02,117001002729,,Total,Total,Total,Quinto,Total,Total,
ATAL_02,IE MARCO FIDEL SUAREZ,Primero,datos,ATAL_02,117001006902,,Total,Total,Total,Primero,Total,Total,
ATAL_02,IE MARCO FIDEL SUAREZ,Segundo,datos,ATAL_02,117001006902,,Total,Total,Total,Segundo,Total,Total,
ATAL_02,IE MARCO FIDEL SUAREZ,Tercero,datos,ATAL_02,117001006902,,Total,Total,Total,Tercero,Total,Total,
ATAL_02,IE MARCO FIDEL SUAREZ,Cuarto,datos,ATAL_02,117001006902,,Total,Total,Total,Cuarto,Total,Total,
ATAL_02,IE MARCO FIDEL SUAREZ,Quinto,datos,ATAL_02,117001006902,,Total,Total,Total,Quinto,Total,Total,
ATAL_02,IE MARIA GORETTI,Primero,datos,ATAL_02,217001001085,,Total,Total,Total,Primero,Total,Total,
ATAL_02,IE MARIA GORETTI,Segundo,datos,ATAL_02,217001001085,,Total,Total,Total,Segundo,Total,Total,
ATAL_02,IE MARIA GORETTI,Tercero,datos,ATAL_02,217001001085,,Total,Total,Total,Tercero,Total,Total,
ATAL_02,IE MARIA GORETTI,Cuarto,datos,ATAL_02,217001001085,,Total,Total,Total,Cuarto,Total,Total,
ATAL_02,IE MARIA GORETTI,Quinto,datos,ATAL_02,217001001085,,Total,Total,Total,Quinto,Total,Total,
ATAL_02,IE MARISCAL SUCRE,Primero,datos,ATAL_02,117001002303,,Total,Total,Total,Primero,Total,Total,
ATAL_02,IE MARISCAL SUCRE,Segundo,datos,ATAL_02,117001002303,,Total,Total,Total,Segundo,Total,Total,
ATAL_02,IE MARISCAL SUCRE,Tercero,datos,ATAL_02,117001002303,,Total,Total,Total,Tercero,Total,Total,
ATAL_02,IE MARISCAL SUCRE,Cuarto,datos,ATAL_02,117001002303,,Total,Total,Total,Cuarto,Total,Total,
ATAL_02,IE MARISCAL SUCRE,Quinto,datos,ATAL_02,117001002303,,Total,Total,Total,Quinto,Total,Total,
ATAL_02,IE MIGUEL ANTONIO CARO,Primero,datos,ATAL_02,217001001182,,Total,Total,Total,Primero,Total,Total,
ATAL_02,IE MIGUEL ANTONIO CARO,Segundo,datos,ATAL_02,217001001182,,Total,Total,Total,Segundo,Total,Total,
ATAL_02,IE MIGUEL ANTONIO CARO,Tercero,datos,ATAL_02,217001001182,,Total,Total,Total,Tercero,Total,Total,
ATAL_02,IE MIGUEL ANTONIO CARO,Cuarto,datos,ATAL_02,217001001182,,Total,Total,Total,Cuarto,Total,Total,
ATAL_02,IE MIGUEL ANTONIO CARO,Quinto,datos,ATAL_02,217001001182,,Total,Total,Total,Quinto,Total,Total,
ATAL_02,IE NACIONAL AUXILIAR DE ENFERMERIA,Primero,datos,ATAL_02,117001003822,,Total,Total,Total,Primero,Total,Total,
ATAL_02,IE NACIONAL AUXILIAR DE ENFERMERIA,Segundo,datos,ATAL_02,117001003822,,Total,Total,Total,Segundo,Total,Total,
ATAL_02,IE NACIONAL AUXILIAR DE ENFERMERIA,Tercero,datos,ATAL_02,117001003822,,Total,Total,Total,Tercero,Total,Total,
ATAL_02,IE NACIONAL AUXILIAR DE ENFERMERIA,Cuarto,datos,ATAL_02,117001003822,,Total,Total,Total,Cuarto,Total,Total,
ATAL_02,IE NACIONAL AUXILIAR DE ENFERMERIA,Quinto,datos,ATAL_02,117001003822,,Total,Total,Total,Quinto,Total,Total,
ATAL_02,IE NORMAL SUPERIOR DE CALDAS,Primero,datos,ATAL_02,117001001544,,Total,Total,Total,Primero,Total,Total,
ATAL_02,IE NORMAL SUPERIOR DE CALDAS,Segundo,datos,ATAL_02,117001001544,,Total,Total,Total,Segundo,Total,Total,
ATAL_02,IE NORMAL SUPERIOR DE CALDAS,Tercero,datos,ATAL_02,117001001544,,Total,Total,Total,Tercero,Total,Total,
ATAL_02,IE NORMAL SUPERIOR DE CALDAS,Cuarto,datos,ATAL_02,117001001544,,Total,Total,Total,Cuarto,Total,Total,
ATAL_02,IE NORMAL SUPERIOR DE CALDAS,Quinto,datos,ATAL_02,117001001544,,Total,Total,Total,Quinto,Total,Total,
ATAL_02,IE NORMAL SUPERIOR DE MANIZALES,Primero,datos,ATAL_02,117001000165,,Total,Total,Total,Primero,Total,Total,
ATAL_02,IE NORMAL SUPERIOR DE MANIZALES,Segundo,datos,ATAL_02,117001000165,,Total,Total,Total,Segundo,Total,Total,
ATAL_02,IE NORMAL SUPERIOR DE MANIZALES,Tercero,datos,ATAL_02,117001000165,,Total,Total,Total,Tercero,Total,Total,
ATAL_02,IE NORMAL SUPERIOR DE MANIZALES,Cuarto,datos,ATAL_02,117001000165,,Total,Total,Total,Cuarto,Total,Total,
ATAL_02,IE NORMAL SUPERIOR DE MANIZALES,Quinto,datos,ATAL_02,117001000165,,Total,Total,Total,Quinto,Total,Total,
ATAL_02,IE NUESTRA SENORA DE FATIMA,Primero,datos,ATAL_02,117001004373,,Total,Total,Total,Primero,Total,Total,
ATAL_02,IE NUESTRA SENORA DE FATIMA,Segundo,datos,ATAL_02,117001004373,,Total,Total,Total,Segundo,Total,Total,
ATAL_02,IE NUESTRA SENORA DE FATIMA,Tercero,datos,ATAL_02,117001004373,,Total,Total,Total,Tercero,Total,Total,
ATAL_02,IE NUESTRA SENORA DE FATIMA,Cuarto,datos,ATAL_02,117001004373,,Total,Total,Total,Cuarto,Total,Total,
ATAL_02,IE NUESTRA SENORA DE FATIMA,Quinto,datos,ATAL_02,117001004373,,Total,Total,Total,Quinto,Total,Total,
ATAL_02,IE PABLO VI,Primero,datos,ATAL_02,117001005965,,Total,Total,Total,Primero,Total,Total,
ATAL_02,IE PABLO VI,Segundo,datos,ATAL_02,117001005965,,Total,Total,Total,Segundo,Total,Total,
ATAL_02,IE PABLO VI,Tercero,datos,ATAL_02,117001005965,,Total,Total,Total,Tercero,Total,Total,
ATAL_02,IE PABLO VI,Cuarto,datos,ATAL_02,117001005965,,Total,Total,Total,Cuarto,Total,Total,
ATAL_02,IE PABLO VI,Quinto,datos,ATAL_02,117001005965,,Total,Total,Total,Quinto,Total,Total,
ATAL_02,IE PERPETUO SOCORRO,Primero,datos,ATAL_02,117001002087,,Total,Total,Total,Primero,Total,Total,
ATAL_02,IE PERPETUO SOCORRO,Segundo,datos,ATAL_02,117001002087,,Total,Total,Total,Segundo,Total,Total,
ATAL_02,IE PERPETUO SOCORRO,Tercero,datos,ATAL_02,117001002087,,Total,Total,Total,Tercero,Total,Total,
ATAL_02,IE PERPETUO SOCORRO,Cuarto,datos,ATAL_02,117001002087,,Total,Total,Total,Cuarto,Total,Total,
ATAL_02,IE PERPETUO SOCORRO,Quinto,datos,ATAL_02,117001002087,,Total,Total,Total,Quinto,Total,Total,
ATAL_02,IE RAFAEL POMBO,Primero,datos,ATAL_02,217001000364,,Total,Total,Total,Primero,Total,Total,
ATAL_02,IE RAFAEL POMBO,Segundo,datos,ATAL_02,217001000364,,Total,Total,Total,Segundo,Total,Total,
ATAL_02,IE RAFAEL POMBO,Tercero,datos,ATAL_02,217001000364,,Total,Total,Total,Tercero,Total,Total,
ATAL_02,IE RAFAEL POMBO,Cuarto,datos,ATAL_02,217001000364,,Total,Total,Total,Cuarto,Total,Total,
ATAL_02,IE RAFAEL POMBO,Quinto,datos,ATAL_02,217001000364,,Total,Total,Total,Quinto,Total,Total,
ATAL_02,IE SAN JORGE,Primero,datos,ATAL_02,117001001251,,Total,Total,Total,Primero,Total,Total,
ATAL_02,IE SAN JORGE,Segundo,datos,ATAL_02,117001001251,,Total,Total,Total,Segundo,Total,Total,
ATAL_02,IE SAN JORGE,Tercero,datos,ATAL_02,117001001251,,Total,Total,Total,Tercero,Total,Total,
ATAL_02,IE SAN JORGE,Cuarto,datos,ATAL_02,117001001251,,Total,Total,Total,Cuarto,Total,Total,
ATAL_02,IE SAN JORGE,Quinto,datos,ATAL_02,117001001251,,Total,Total,Total,Quinto,Total,Total,
ATAL_02,IE SAN JUAN BAUTISTA DE LA SALLE,Primero,datos,ATAL_02,117001004438,,Total,Total,Total,Primero,Total,Total,
ATAL_02,IE SAN JUAN BAUTISTA DE LA SALLE,Segundo,datos,ATAL_02,117001004438,,Total,Total,Total,Segundo,Total,Total,
ATAL_02,IE SAN JUAN BAUTISTA DE LA SALLE,Tercero,datos,ATAL_02,117001004438,,Total,Total,Total,Tercero,Total,Total,
ATAL_02,IE SAN JUAN BAUTISTA DE LA SALLE,Cuarto,datos,ATAL_02,117001004438,,Total,Total,Total,Cuarto,Total,Total,
ATAL_02,IE SAN JUAN BAUTISTA DE LA SALLE,Quinto,datos,ATAL_02,117001004438,,Total,Total,Total,Quinto,Total,Total,
ATAL_02,IE SAN PEREGRINO,Primero,datos,ATAL_02,217001006125,,Total,Total,Total,Primero,Total,Total,
ATAL_02,IE SAN PEREGRINO,Segundo,datos,ATAL_02,217001006125,,Total,Total,Total,Segundo,Total,Total,
ATAL_02,IE SAN PEREGRINO,Tercero,datos,ATAL_02,217001006125,,Total,Total,Total,Tercero,Total,Total,
ATAL_02,IE SAN PEREGRINO,Cuarto,datos,ATAL_02,217001006125,,Total,Total,Total,Cuarto,Total,Total,
ATAL_02,IE SAN PEREGRINO,Quinto,datos,ATAL_02,217001006125,,Total,Total,Total,Quinto,Total,Total,
ATAL_02,IE SAN PIO X,Primero,datos,ATAL_02,117001002176,,Total,Total,Total,Primero,Total,Total,
ATAL_02,IE SAN PIO X,Segundo,datos,ATAL_02,117001002176,,Total,Total,Total,Segundo,Total,Total,
ATAL_02,IE SAN PIO X,Tercero,datos,ATAL_02,117001002176,,Total,Total,Total,Tercero,Total,Total,
ATAL_02,IE SAN PIO X,Cuarto,datos,ATAL_02,117001002176,,Total,Total,Total,Cuarto,Total,Total,
ATAL_02,IE SAN PIO X,Quinto,datos,ATAL_02,117001002176,,Total,Total,Total,Quinto,Total,Total,
ATAL_02,IE SAN SEBASTIAN,Primero,datos,ATAL_02,117001800111,,Total,Total,Total,Primero,Total,Total,
ATAL_02,IE SAN SEBASTIAN,Segundo,datos,ATAL_02,117001800111,,Total,Total,Total,Segundo,Total,Total,
ATAL_02,IE SAN SEBASTIAN,Tercero,datos,ATAL_02,117001800111,,Total,Total,Total,Tercero,Total,Total,
ATAL_02,IE SAN SEBASTIAN,Cuarto,datos,ATAL_02,117001800111,,Total,Total,Total,Cuarto,Total,Total,
ATAL_02,IE SAN SEBASTIAN,Quinto,datos,ATAL_02,117001800111,,Total,Total,Total,Quinto,Total,Total,
ATAL_02,IE SANTO DOMINGO SAVIO,Primero,datos,ATAL_02,117001005132,,Total,Total,Total,Primero,Total,Total,
ATAL_02,IE SANTO DOMINGO SAVIO,Segundo,datos,ATAL_02,117001005132,,Total,Total,Total,Segundo,Total,Total,
ATAL_02,IE SANTO DOMINGO SAVIO,Tercero,datos,ATAL_02,117001005132,,Total,Total,Total,Tercero,Total,Total,
ATAL_02,IE SANTO DOMINGO SAVIO,Cuarto,datos,ATAL_02,117001005132,,Total,Total,Total,Cuarto,Total,Total,
ATAL_02,IE SANTO DOMINGO SAVIO,Quinto,datos,ATAL_02,117001005132,,Total,Total,Total,Quinto,Total,Total,
ATAL_02,IE SERAFICO SAN ANTONIO DE PADUA,Primero,datos,ATAL_02,217001000526,,Total,Total,Total,Primero,Total,Total,
ATAL_02,IE SERAFICO SAN ANTONIO DE PADUA,Segundo,datos,ATAL_02,217001000526,,Total,Total,Total,Segundo,Total,Total,
ATAL_02,IE SERAFICO SAN ANTONIO DE PADUA,Tercero,datos,ATAL_02,217001000526,,Total,Total,Total,Tercero,Total,Total,
ATAL_02,IE SERAFICO SAN ANTONIO DE PADUA,Cuarto,datos,ATAL_02,217001000526,,Total,Total,Total,Cuarto,Total,Total,
ATAL_02,IE SERAFICO SAN ANTONIO DE PADUA,Quinto,datos,ATAL_02,217001000526,,Total,Total,Total,Quinto,Total,Total,
ATAL_02,IE SIETE DE AGOSTO,Primero,datos,ATAL_02,117001000033,,Total,Total,Total,Primero,Total,Total,
ATAL_02,IE SIETE DE AGOSTO,Segundo,datos,ATAL_02,117001000033,,Total,Total,Total,Segundo,Total,Total,
ATAL_02,IE SIETE DE AGOSTO,Tercero,datos,ATAL_02,117001000033,,Total,Total,Total,Tercero,Total,Total,
ATAL_02,IE SIETE DE AGOSTO,Cuarto,datos,ATAL_02,117001000033,,Total,Total,Total,Cuarto,Total,Total,
ATAL_02,IE SIETE DE AGOSTO,Quinto,datos,ATAL_02,117001000033,,Total,Total,Total,Quinto,Total,Total,
ATAL_02,IE VILLA DEL PILAR,Primero,datos,ATAL_02,117001005841,,Total,Total,Total,Primero,Total,Total,
ATAL_02,IE VILLA DEL PILAR,Segundo,datos,ATAL_02,117001005841,,Total,Total,Total,Segundo,Total,Total,
ATAL_02,IE VILLA DEL PILAR,Tercero,datos,ATAL_02,117001005841,,Total,Total,Total,Tercero,Total,Total,
ATAL_02,IE VILLA DEL PILAR,Cuarto,datos,ATAL_02,117001005841,,Total,Total,Total,Cuarto,Total,Total,
ATAL_02,IE VILLA DEL PILAR,Quinto,datos,ATAL_02,117001005841,,Total,Total,Total,Quinto,Total,Total,
ATAL_02,NAN,Segundo,se elimina,ATAL_02,igual,,Total,Total,Total,Segundo,Total,Total,Fila sin colegio
ATAL_02,NAN,Tercero,se elimina,ATAL_02,igual,,Total,Total,Total,Tercero,Total,Total,Fila sin colegio
ATAL_02,NAN,Cuarto,se elimina,ATAL_02,igual,,Total,Total,Total,Cuarto,Total,Total,Fila sin colegio
UTC_02,ANDAP,Universidad / Instituto técnico o tecnológico,datos,UTC_04,17001911,,Total,Total,Total,Total,Total,Total,
UTC_02,Asociación Educativa AE,Universidad / Instituto técnico o tecnológico,datos,UTC_04,17001912,,Total,Total,Total,Total,Total,Total,
UTC_02,BATUTA,Universidad / Instituto técnico o tecnológico,datos,UTC_04,17001915,,Total,Total,Total,Total,Total,Total,
UTC_02,Colegiatura del Café,Universidad / Instituto técnico o tecnológico,datos,UTC_04,17001913,,Total,Total,Total,Total,Total,Total,
UTC_02,Colegio de Cristo,Colegio,datos,UTC_02,317001000075,,Total,Total,Total,Total,Total,Total,
UTC_02,Colombo Americano - Universidad de Caldas,Universidad / Instituto técnico o tecnológico,datos,UTC_04,17001914,,Total,Total,Total,Total,Total,Total,
UTC_02,Fundacion Batuta de Caldas,Universidad / Instituto técnico o tecnológico,datos,UTC_04,17001915,,Total,Total,Total,Total,Total,Total,
UTC_02,IE ADOLFO HOYOS OCAMPO,Colegio,datos,UTC_02,117001006104,,Total,Total,Total,Total,Total,Total,
UTC_02,IE ANDRES BELLO,Colegio,datos,UTC_02,117001001609,,Total,Total,Total,Total,Total,Total,
UTC_02,IE ATANASIO GIRARDOT,Colegio,datos,UTC_02,117001000653,,Total,Total,Total,Total,Total,Total,
UTC_02,IE Adolfo Hoyos Ocampo,Colegio,datos,UTC_02,117001006104,,Total,Total,Total,Total,Total,Total,
UTC_02,IE Andres Bello,Colegio,datos,UTC_02,117001001609,,Total,Total,Total,Total,Total,Total,
UTC_02,IE Aranjuez,Colegio,datos,UTC_02,117001006287,,Total,Total,Total,Total,Total,Total,
UTC_02,IE BOSQUES DEL NORTE,Colegio,datos,UTC_02,117001005990,,Total,Total,Total,Total,Total,Total,
UTC_02,IE Bosques del Norte,Colegio,datos,UTC_02,117001005990,,Total,Total,Total,Total,Total,Total,
UTC_02,IE CHIPRE,Colegio,datos,UTC_02,117001000157,,Total,Total,Total,Total,Total,Total,
UTC_02,IE COLEGIO DE CRISTO,Colegio,datos,UTC_02,317001000075,,Total,Total,Total,Total,Total,Total,
UTC_02,IE Chipre,Colegio,datos,UTC_02,117001000157,,Total,Total,Total,Total,Total,Total,
UTC_02,IE Divina Providencia,Colegio,datos,UTC_02,117001001161,,Total,Total,Total,Total,Total,Total,
UTC_02,IE ESCUELA NACIONAL AUXILIAR DE ENFERMERIA,Colegio,datos,UTC_02,117001003822,,Total,Total,Total,Total,Total,Total,
UTC_02,IE ESTAMBUL,Colegio,datos,UTC_02,117001004934,,Total,Total,Total,Total,Total,Total,
UTC_02,IE EUGENIO PACELLI,Colegio,datos,UTC_02,117001000602,,Total,Total,Total,Total,Total,Total,
UTC_02,IE Escuela Nacional Auxiliar de Enfermeria,Colegio,datos,UTC_02,117001003822,,Total,Total,Total,Total,Total,Total,
UTC_02,IE Estambul,Colegio,datos,UTC_02,117001004934,,Total,Total,Total,Total,Total,Total,
UTC_02,IE Eugenio Pacelli,Colegio,datos,UTC_02,117001000602,,Total,Total,Total,Total,Total,Total,
UTC_02,IE FE Y ALEGRIA LA PAZ,Colegio,datos,UTC_02,117001005981,,Total,Total,Total,Total,Total,Total,
UTC_02,IE FRANCISCO JOSE DE CALDAS,Colegio,datos,UTC_02,117001006155,,Total,Total,Total,Total,Total,Total,
UTC_02,IE Fe y Alegria La Paz,Colegio,datos,UTC_02,117001005981,,Total,Total,Total,Total,Total,Total,
UTC_02,IE Francisco José de Caldas,Colegio,datos,UTC_02,117001006155,,Total,Total,Total,Total,Total,Total,
UTC_02,IE GRAN COLOMBIA,Colegio,datos,UTC_02,117001000572,,Total,Total,Total,Total,Total,Total,
UTC_02,IE Gran Colombia,Colegio,datos,UTC_02,117001000572,,Total,Total,Total,Total,Total,Total,
UTC_02,IE INEM BALDOMERO SANIN CANO,Colegio,datos,UTC_02,117001002346,,Total,Total,Total,Total,Total,Total,
UTC_02,IE INSTITUTO LATINOAMERICANO,Colegio,datos,UTC_02,117001000611,,Total,Total,Total,Total,Total,Total,
UTC_02,IE INSTITUTO MANIZALES,Colegio,datos,UTC_02,117001001919,,Total,Total,Total,Total,Total,Total,
UTC_02,IE INSTITUTO UNIVERSITARIO DE CALDAS,Colegio,datos,UTC_02,117001001536,,Total,Total,Total,Total,Total,Total,
UTC_02,IE Inem Baldomero Sanin Cano,Colegio,datos,UTC_02,117001002346,,Total,Total,Total,Total,Total,Total,
UTC_02,IE Instituto Latinoamericano,Colegio,datos,UTC_02,117001000611,,Total,Total,Total,Total,Total,Total,
UTC_02,IE Instituto Manizales,Colegio,datos,UTC_02,117001001919,,Total,Total,Total,Total,Total,Total,
UTC_02,IE Instituto Universitario de Caldas,Colegio,datos,UTC_02,117001001536,,Total,Total,Total,Total,Total,Total,
UTC_02,IE LA ASUNCION,Colegio,datos,UTC_02,117001002737,,Total,Total,Total,Total,Total,Total,
UTC_02,IE LA SULTANA,Colegio,datos,UTC_02,117001006180,,Total,Total,Total,Total,Total,Total,
UTC_02,IE LEON DE GREIFF,Colegio,datos,UTC_02,117001002257,,Total,Total,Total,Total,Total,Total,
UTC_02,IE LEONARDO DA VINCI,Colegio,datos,UTC_02,117001000998,,Total,Total,Total,Total,Total,Total,
UTC_02,IE LICEO ISABEL LA CATOLICA,Colegio,datos,UTC_02,117001001765,,Total,Total,Total,Total,Total,Total,
UTC_02,IE LICEO MIXTO SINAI,Colegio,datos,UTC_02,117001005256,,Total,Total,Total,Total,Total,Total,
UTC_02,IE La Asunción,Colegio,datos,UTC_02,117001002737,,Total,Total,Total,Total,Total,Total,
UTC_02,IE La Sultana,Colegio,datos,UTC_02,117001006180,,Total,Total,Total,Total,Total,Total,
UTC_02,IE Leonardo Da Vinci,Colegio,datos,UTC_02,117001000998,,Total,Total,Total,Total,Total,Total,
UTC_02,IE Liceo Isabel La Catolica,Colegio,datos,UTC_02,117001001765,,Total,Total,Total,Total,Total,Total,
UTC_02,IE Liceo Mixto Sinai,Colegio,datos,UTC_02,117001005256,,Total,Total,Total,Total,Total,Total,
UTC_02,IE MALABAR,Colegio,datos,UTC_02,117001002567,,Total,Total,Total,Total,Total,Total,
UTC_02,IE MARCO FIDEL SUAREZ,Colegio,datos,UTC_02,117001006902,,Total,Total,Total,Total,Total,Total,
UTC_02,IE MARISCAL SUCRE,Colegio,datos,UTC_02,117001002303,,Total,Total,Total,Total,Total,Total,
UTC_02,IE Malabar,Colegio,datos,UTC_02,117001002567,,Total,Total,Total,Total,Total,Total,
UTC_02,IE Marco Fidel Suarez,Colegio,datos,UTC_02,117001006902,,Total,Total,Total,Total,Total,Total,
UTC_02,IE Mariscal Sucre,Colegio,datos,UTC_02,117001002303,,Total,Total,Total,Total,Total,Total,
UTC_02,IE NORMAL SUPERIOR DE CALDAS,Colegio,datos,UTC_02,117001001544,,Total,Total,Total,Total,Total,Total,
UTC_02,IE Normal Superior de Caldas,Colegio,datos,UTC_02,117001001544,,Total,Total,Total,Total,Total,Total,
UTC_02,IE PABLO VI,Colegio,datos,UTC_02,117001005965,,Total,Total,Total,Total,Total,Total,
UTC_02,IE Pablo VI,Colegio,datos,UTC_02,117001005965,,Total,Total,Total,Total,Total,Total,
UTC_02,IE SAN JORGE,Colegio,datos,UTC_02,117001001251,,Total,Total,Total,Total,Total,Total,
UTC_02,IE SAN JUAN BAUTISTA DE LA SALLE,Colegio,datos,UTC_02,117001004438,,Total,Total,Total,Total,Total,Total,
UTC_02,IE SAN PIO X,Colegio,datos,UTC_02,117001002176,,Total,Total,Total,Total,Total,Total,
UTC_02,IE SAN SEBASTIAN,Colegio,datos,UTC_02,117001800111,,Total,Total,Total,Total,Total,Total,
UTC_02,IE SANTO DOMINGO SAVIO,Colegio,datos,UTC_02,117001005132,,Total,Total,Total,Total,Total,Total,
UTC_02,IE SIETE DE AGOSTO,Colegio,datos,UTC_02,117001000033,,Total,Total,Total,Total,Total,Total,
UTC_02,IE San Jorge,Colegio,datos,UTC_02,117001001251,,Total,Total,Total,Total,Total,Total,
UTC_02,IE San Juan Bautista La Salle,Colegio,datos,UTC_02,117001004438,,Total,Total,Total,Total,Total,Total,
UTC_02,IE San Pio X,Colegio,datos,UTC_02,117001002176,,Total,Total,Total,Total,Total,Total,
UTC_02,IE San Sebastian,Colegio,datos,UTC_02,117001800111,,Total,Total,Total,Total,Total,Total,
UTC_02,IE Santo Domingo Savio,Colegio,datos,UTC_02,117001005132,,Total,Total,Total,Total,Total,Total,
UTC_02,IE Siete de Agosto,Colegio,datos,UTC_02,117001000033,,Total,Total,Total,Total,Total,Total,
UTC_02,IE VILLA DEL PILAR,Colegio,datos,UTC_02,117001005841,,Total,Total,Total,Total,Total,Total,
UTC_02,IE Villa del Pilar,Colegio,datos,UTC_02,117001005841,,Total,Total,Total,Total,Total,Total,
UTC_02,León de Greiff,Colegio,datos,UTC_02,117001002257,,Total,Total,Total,Total,Total,Total,
UTC_02,Otra IE,Colegio,datos,UTC_02,17001903,,Total,Total,Total,Total,Total,Total,
UTC_02,POLITÉCNICO NACIONAL,Universidad / Instituto técnico o tecnológico,datos,UTC_04,17001916,,Total,Total,Total,Total,Total,Total,
UTC_02,Politécnico Nacional,Universidad / Instituto técnico o tecnológico,datos,UTC_04,17001916,,Total,Total,Total,Total,Total,Total,
UTC_02,Sinai,Colegio,datos,UTC_02,117001005256,,Total,Total,Total,Total,Total,Total,
UTC_02,Tecniversa,Universidad / Instituto técnico o tecnológico,datos,UTC_04,17001917,,Total,Total,Total,Total,Total,Total,
UTC_02,Unitecnica,Universidad / Instituto técnico o tecnológico,datos,UTC_04,17001918,,Total,Total,Total,Total,Total,Total,
UTC_02,Universidad Autonoma de Manizales,Universidad / Instituto técnico o tecnológico,datos,UTC_04,17001919,,Total,Total,Total,Total,Total,Total,
UTC_02,Universidad Autónoma de Manizales,Universidad / Instituto técnico o tecnológico,datos,UTC_04,17001919,,Total,Total,Total,Total,Total,Total,
UTC_02,Universidad Catolica de Manizales,Universidad / Instituto técnico o tecnológico,datos,UTC_04,17001920,,Total,Total,Total,Total,Total,Total,
UTC_02,Universidad de Caldas,Universidad / Instituto técnico o tecnológico,datos,UTC_04,17001921,,Total,Total,Total,Total,Total,Total,
UTC_02,Universidad de Manizales,Universidad / Instituto técnico o tecnológico,datos,UTC_04,17001922,,Total,Total,Total,Total,Total,Total,
UTC_02,sin identificar la IE,Colegio,datos,UTC_02,17001903,,Total,Total,Total,Total,Total,Total,
UTC_02,sin identificar la IE,Universidad / Instituto técnico o tecnológico,datos,UTC_04,17001904,,Total,Total,Total,Total,Total,Total,
UTC_03,Curso Formativo en Ingles- B1,,datos_gestion,UTC_03,igual,PT001,Total,Total,Total,Total,Total,Total,Grano programa: va a datos_gestion con el programa como cod_proyecto
UTC_03,English at work,,datos_gestion,UTC_03,igual,PT002,Total,Total,Total,Total,Total,Total,Grano programa: va a datos_gestion con el programa como cod_proyecto
UTC_03,Técnico Laboral Adecuación de Tecnologías para Audio y Video,,datos_gestion,UTC_03,igual,PT003,Total,Total,Total,Total,Total,Total,Grano programa: va a datos_gestion con el programa como cod_proyecto
UTC_03,Técnico Laboral En Aplicaciones Web - Técnico Profesional En Programación De Computadores,,datos_gestion,UTC_03,igual,PT004,Total,Total,Total,Total,Total,Total,Grano programa: va a datos_gestion con el programa como cod_proyecto
UTC_03,Técnico Laboral En Asistente De Preescolar,,datos_gestion,UTC_03,igual,PT015,Total,Total,Total,Total,Total,Total,Grano programa: va a datos_gestion con el programa como cod_proyecto
UTC_03,Técnico Laboral En Auxiliar De Automatización - Técnico Profesional En Control Industrial,,datos_gestion,UTC_03,igual,PT005,Total,Total,Total,Total,Total,Total,Grano programa: va a datos_gestion con el programa como cod_proyecto
UTC_03,Técnico Laboral En Auxiliar En Sistemas Informáticos - Técnico Profesional En Programación De Computadores,,datos_gestion,UTC_03,igual,PT006,Total,Total,Total,Total,Total,Total,Grano programa: va a datos_gestion con el programa como cod_proyecto
UTC_03,Técnico Laboral En Dibujo Mecánico - Técnico Profesional En Mantenimiento Mecánico,,datos_gestion,UTC_03,igual,PT007,Total,Total,Total,Total,Total,Total,Grano programa: va a datos_gestion con el programa como cod_proyecto
UTC_03,Técnico Laboral En Sistemas Domóticos - Técnico Profesional En Control Industrial,,datos_gestion,UTC_03,igual,PT008,Total,Total,Total,Total,Total,Total,Grano programa: va a datos_gestion con el programa como cod_proyecto
UTC_03,"Técnico Laboral en Acondicionamiento Físico, Recreación y Deporte",,datos_gestion,UTC_03,igual,PT009,Total,Total,Total,Total,Total,Total,Grano programa: va a datos_gestion con el programa como cod_proyecto
UTC_03,Técnico Laboral en Aplicaciones Web,,datos_gestion,UTC_03,igual,PT010,Total,Total,Total,Total,Total,Total,Grano programa: va a datos_gestion con el programa como cod_proyecto
UTC_03,Técnico Laboral en Asistencia y Soporte de Tecnologías de la Información,,datos_gestion,UTC_03,igual,PT011,Total,Total,Total,Total,Total,Total,Grano programa: va a datos_gestion con el programa como cod_proyecto
UTC_03,Técnico Laboral en Asistente Administrativo,,datos_gestion,UTC_03,igual,PT012,Total,Total,Total,Total,Total,Total,Grano programa: va a datos_gestion con el programa como cod_proyecto
UTC_03,Técnico Laboral en Asistente Contable y Financiero,,datos_gestion,UTC_03,igual,PT013,Total,Total,Total,Total,Total,Total,Grano programa: va a datos_gestion con el programa como cod_proyecto
UTC_03,Técnico Laboral en Asistente de  Veterinaria,,datos_gestion,UTC_03,igual,PT014,Total,Total,Total,Total,Total,Total,Grano programa: va a datos_gestion con el programa como cod_proyecto
UTC_03,Técnico Laboral en Asistente de Preescolar,,datos_gestion,UTC_03,igual,PT015,Total,Total,Total,Total,Total,Total,Grano programa: va a datos_gestion con el programa como cod_proyecto
UTC_03,Técnico Laboral en Asistente de Veterinaria,,datos_gestion,UTC_03,igual,PT014,Total,Total,Total,Total,Total,Total,Grano programa: va a datos_gestion con el programa como cod_proyecto
UTC_03,Técnico Laboral en Atención Integral al Adulto Mayor,,datos_gestion,UTC_03,igual,PT016,Total,Total,Total,Total,Total,Total,Grano programa: va a datos_gestion con el programa como cod_proyecto
UTC_03,Técnico Laboral en Auxiliar Administrativo en Salud,,datos_gestion,UTC_03,igual,PT017,Total,Total,Total,Total,Total,Total,Grano programa: va a datos_gestion con el programa como cod_proyecto
UTC_03,Técnico Laboral en Auxiliar de Enfermeria,,datos_gestion,UTC_03,igual,PT018,Total,Total,Total,Total,Total,Total,Grano programa: va a datos_gestion con el programa como cod_proyecto
UTC_03,Técnico Laboral en Cocina,,datos_gestion,UTC_03,igual,PT019,Total,Total,Total,Total,Total,Total,Grano programa: va a datos_gestion con el programa como cod_proyecto
UTC_03,Técnico Laboral en Composición Musical de Contenidos Digitales,,datos_gestion,UTC_03,igual,PT020,Total,Total,Total,Total,Total,Total,Grano programa: va a datos_gestion con el programa como cod_proyecto
UTC_03,Técnico Laboral en Comunicación Gráfica,,datos_gestion,UTC_03,igual,PT021,Total,Total,Total,Total,Total,Total,Grano programa: va a datos_gestion con el programa como cod_proyecto
UTC_03,Técnico Laboral en Creación y Adecuación de Tecnologías para Audio y Vídeo,,datos_gestion,UTC_03,igual,PT022,Total,Total,Total,Total,Total,Total,Grano programa: va a datos_gestion con el programa como cod_proyecto
UTC_03,Técnico Laboral en Dibujo Mecánico,,datos_gestion,UTC_03,igual,PT023,Total,Total,Total,Total,Total,Total,Grano programa: va a datos_gestion con el programa como cod_proyecto
UTC_03,Técnico Laboral en Diseño Gráfico,,datos_gestion,UTC_03,igual,PT024,Total,Total,Total,Total,Total,Total,Grano programa: va a datos_gestion con el programa como cod_proyecto
UTC_03,Técnico Laboral en Diseño de Joyas y Tallado de Piedras Preciosas,,datos_gestion,UTC_03,igual,PT025,Total,Total,Total,Total,Total,Total,Grano programa: va a datos_gestion con el programa como cod_proyecto
UTC_03,Técnico Laboral en Gestión Integral en Educación Inicial,,datos_gestion,UTC_03,igual,PT026,Total,Total,Total,Total,Total,Total,Grano programa: va a datos_gestion con el programa como cod_proyecto
UTC_03,Técnico Laboral en Preparación Física y Entrenamiento Deportivo,,datos_gestion,UTC_03,igual,PT027,Total,Total,Total,Total,Total,Total,Grano programa: va a datos_gestion con el programa como cod_proyecto
UTC_03,Técnico Laboral en Recursos Humanos,,datos_gestion,UTC_03,igual,PT028,Total,Total,Total,Total,Total,Total,Grano programa: va a datos_gestion con el programa como cod_proyecto
UTC_03,Técnico Laboral en Sistemas Dómoticos,,datos_gestion,UTC_03,igual,PT029,Total,Total,Total,Total,Total,Total,Grano programa: va a datos_gestion con el programa como cod_proyecto
UTC_03,Técnico Profesional En Configuración De Servicios Comerciales Web,,datos_gestion,UTC_03,igual,PT032,Total,Total,Total,Total,Total,Total,Grano programa: va a datos_gestion con el programa como cod_proyecto
UTC_03,Técnico Profesional En Higiene Y Seguridad Ocupacional,,datos_gestion,UTC_03,igual,PT036,Total,Total,Total,Total,Total,Total,Grano programa: va a datos_gestion con el programa como cod_proyecto
UTC_03,Técnico Profesional En Operación De La Cadena Logística,,datos_gestion,UTC_03,igual,PT040,Total,Total,Total,Total,Total,Total,Grano programa: va a datos_gestion con el programa como cod_proyecto
UTC_03,Técnico Profesional En Operación De Servicios Turísticos,,datos_gestion,UTC_03,igual,PT039,Total,Total,Total,Total,Total,Total,Grano programa: va a datos_gestion con el programa como cod_proyecto
UTC_03,Técnico Profesional En Servicio Al Cliente,,datos_gestion,UTC_03,igual,PT030,Total,Total,Total,Total,Total,Total,Grano programa: va a datos_gestion con el programa como cod_proyecto
UTC_03,Técnico Profesional en Atención al Cliente,,datos_gestion,UTC_03,igual,PT031,Total,Total,Total,Total,Total,Total,Grano programa: va a datos_gestion con el programa como cod_proyecto
UTC_03,Técnico Profesional en Configuración de Servicios Comerciales Web,,datos_gestion,UTC_03,igual,PT032,Total,Total,Total,Total,Total,Total,Grano programa: va a datos_gestion con el programa como cod_proyecto
UTC_03,Técnico Profesional en Control Industrial,,datos_gestion,UTC_03,igual,PT033,Total,Total,Total,Total,Total,Total,Grano programa: va a datos_gestion con el programa como cod_proyecto
UTC_03,Técnico Profesional en Formulación de Proyectos Agropecuarios,,datos_gestion,UTC_03,igual,PT034,Total,Total,Total,Total,Total,Total,Grano programa: va a datos_gestion con el programa como cod_proyecto
UTC_03,Técnico Profesional en Formulación e Implementación de Proyectos Agropecuarios,,datos_gestion,UTC_03,igual,PT035,Total,Total,Total,Total,Total,Total,Grano programa: va a datos_gestion con el programa como cod_proyecto
UTC_03,Técnico Profesional en Higiene y Seguridad Ocupacional,,datos_gestion,UTC_03,igual,PT036,Total,Total,Total,Total,Total,Total,Grano programa: va a datos_gestion con el programa como cod_proyecto
UTC_03,Técnico Profesional en Mantenimiento Mecánico,,datos_gestion,UTC_03,igual,PT037,Total,Total,Total,Total,Total,Total,Grano programa: va a datos_gestion con el programa como cod_proyecto
UTC_03,Técnico Profesional en Marketing Digital,,datos_gestion,UTC_03,igual,PT038,Total,Total,Total,Total,Total,Total,Grano programa: va a datos_gestion con el programa como cod_proyecto
UTC_03,Técnico Profesional en Operación de Servicios Turísticos,,datos_gestion,UTC_03,igual,PT039,Total,Total,Total,Total,Total,Total,Grano programa: va a datos_gestion con el programa como cod_proyecto
UTC_03,Técnico Profesional en Operación de la Cadena Logística,,datos_gestion,UTC_03,igual,PT040,Total,Total,Total,Total,Total,Total,Grano programa: va a datos_gestion con el programa como cod_proyecto
UTC_03,Técnico Profesional en Operación de la Cadena de Lógistica,,datos_gestion,UTC_03,igual,PT040,Total,Total,Total,Total,Total,Total,Grano programa: va a datos_gestion con el programa como cod_proyecto
UTC_03,Técnico Profesional en Programación Web,,datos_gestion,UTC_03,igual,PT041,Total,Total,Total,Total,Total,Total,Grano programa: va a datos_gestion con el programa como cod_proyecto
UTC_03,Técnico Profesional en Programación de Computadores,,datos_gestion,UTC_03,igual,PT042,Total,Total,Total,Total,Total,Total,Grano programa: va a datos_gestion con el programa como cod_proyecto
UTC_03,Técnico Profesional en Saneamiento Ambiental,,datos_gestion,UTC_03,igual,PT043,Total,Total,Total,Total,Total,Total,Grano programa: va a datos_gestion con el programa como cod_proyecto
UTC_03,Técnico Profesional en Seguridad y Salud en el Trabajo,,datos_gestion,UTC_03,igual,PT044,Total,Total,Total,Total,Total,Total,Grano programa: va a datos_gestion con el programa como cod_proyecto
UTC_03,Técnico Profesional en programación para video juegos,,datos_gestion,UTC_03,igual,PT045,Total,Total,Total,Total,Total,Total,Grano programa: va a datos_gestion con el programa como cod_proyecto
UTC_03,Técnico profesional en Depuración y Preprocesamiento de datos para I.A,,datos_gestion,UTC_03,igual,PT046,Total,Total,Total,Total,Total,Total,Grano programa: va a datos_gestion con el programa como cod_proyecto
UTC_03,Técnico profesional en configuración de servicios para comercio electrónico,,datos_gestion,UTC_03,igual,PT047,Total,Total,Total,Total,Total,Total,Grano programa: va a datos_gestion con el programa como cod_proyecto
UTC_03,Técnicos en Cosmetología y estética integral,,datos_gestion,UTC_03,igual,PT048,Total,Total,Total,Total,Total,Total,Grano programa: va a datos_gestion con el programa como cod_proyecto
UTC_03,sin identificar el Programa,,datos_gestion,UTC_03,igual,PT049,Total,Total,Total,Total,Total,Total,Grano programa: va a datos_gestion con el programa como cod_proyecto
MLJ_10,Hombres,14 - 17,datos,MLJ_10,igual,,Hombre,Total,Total,Total,14-17,Total,"categoria_2 ""14 - 17"" y ""15 - 28"" pasan a edad 14-17 y 15-28"
MLJ_10,Hombres,15 - 28,datos,MLJ_10,igual,,Hombre,Total,Total,Total,15-28,Total,"categoria_2 ""14 - 17"" y ""15 - 28"" pasan a edad 14-17 y 15-28"
MLJ_10,Mujeres,14 - 17,datos,MLJ_10,igual,,Mujer,Total,Total,Total,14-17,Total,"categoria_2 ""14 - 17"" y ""15 - 28"" pasan a edad 14-17 y 15-28"
MLJ_10,Mujeres,15 - 28,datos,MLJ_10,igual,,Mujer,Total,Total,Total,15-28,Total,"categoria_2 ""14 - 17"" y ""15 - 28"" pasan a edad 14-17 y 15-28"
MLJ_10,Total,14 - 17,datos,MLJ_10,igual,,Total,Total,Total,Total,14-17,Total,"categoria_2 ""14 - 17"" y ""15 - 28"" pasan a edad 14-17 y 15-28"
MLJ_10,Total,15 - 28,datos,MLJ_10,igual,,Total,Total,Total,Total,15-28,Total,"categoria_2 ""14 - 17"" y ""15 - 28"" pasan a edad 14-17 y 15-28"
MLJ_11,Hombres,14 - 17,datos,MLJ_11,igual,,Hombre,Total,Total,Total,14-17,Total,"categoria_2 ""14 - 17"" y ""15 - 28"" pasan a edad 14-17 y 15-28"
MLJ_11,Hombres,15 - 28,datos,MLJ_11,igual,,Hombre,Total,Total,Total,15-28,Total,"categoria_2 ""14 - 17"" y ""15 - 28"" pasan a edad 14-17 y 15-28"
MLJ_11,Mujeres,14 - 17,datos,MLJ_11,igual,,Mujer,Total,Total,Total,14-17,Total,"categoria_2 ""14 - 17"" y ""15 - 28"" pasan a edad 14-17 y 15-28"
MLJ_11,Mujeres,15 - 28,datos,MLJ_11,igual,,Mujer,Total,Total,Total,15-28,Total,"categoria_2 ""14 - 17"" y ""15 - 28"" pasan a edad 14-17 y 15-28"
MLJ_11,Total,14 - 17,datos,MLJ_11,igual,,Total,Total,Total,Total,14-17,Total,"categoria_2 ""14 - 17"" y ""15 - 28"" pasan a edad 14-17 y 15-28"
MLJ_11,Total,15 - 28,datos,MLJ_11,igual,,Total,Total,Total,Total,15-28,Total,"categoria_2 ""14 - 17"" y ""15 - 28"" pasan a edad 14-17 y 15-28"
MLJ_12,Hombres,,se elimina,TNR_01 / TNR_02,igual,,Total,Total,Total,Total,Total,Total,Se reemplaza por la salida de 10_uso_tiempo_v2.do
MLJ_12,Mujeres,,se elimina,TNR_01 / TNR_02,igual,,Total,Total,Total,Total,Total,Total,Se reemplaza por la salida de 10_uso_tiempo_v2.do
MLJ_12,Total,,se elimina,TNR_01 / TNR_02,igual,,Total,Total,Total,Total,Total,Total,Se reemplaza por la salida de 10_uso_tiempo_v2.do
MLJ_13,Hombres,,se elimina,TNR_01 / TNR_02,igual,,Total,Total,Total,Total,Total,Total,Se reemplaza por la salida de 10_uso_tiempo_v2.do
MLJ_13,Mujeres,,se elimina,TNR_01 / TNR_02,igual,,Total,Total,Total,Total,Total,Total,Se reemplaza por la salida de 10_uso_tiempo_v2.do
MLJ_13,Total,,se elimina,TNR_01 / TNR_02,igual,,Total,Total,Total,Total,Total,Total,Se reemplaza por la salida de 10_uso_tiempo_v2.do
MLJ_14,Hombres,,se elimina,TNR_01 / TNR_02,igual,,Total,Total,Total,Total,Total,Total,Se reemplaza por la salida de 10_uso_tiempo_v2.do
MLJ_14,Mujeres,,se elimina,TNR_01 / TNR_02,igual,,Total,Total,Total,Total,Total,Total,Se reemplaza por la salida de 10_uso_tiempo_v2.do
MLJ_14,Total,,se elimina,TNR_01 / TNR_02,igual,,Total,Total,Total,Total,Total,Total,Se reemplaza por la salida de 10_uso_tiempo_v2.do
MLJ_15,Hombres,,se elimina,TNR_01 / TNR_02,igual,,Total,Total,Total,Total,Total,Total,Se reemplaza por la salida de 10_uso_tiempo_v2.do
MLJ_15,Mujeres,,se elimina,TNR_01 / TNR_02,igual,,Total,Total,Total,Total,Total,Total,Se reemplaza por la salida de 10_uso_tiempo_v2.do
MLJ_15,Total,,se elimina,TNR_01 / TNR_02,igual,,Total,Total,Total,Total,Total,Total,Se reemplaza por la salida de 10_uso_tiempo_v2.do
MLJ_17,Hombres,,se elimina,TNR_01 / TNR_02,igual,,Total,Total,Total,Total,Total,Total,Se reemplaza por la salida de 10_uso_tiempo_v2.do
MLJ_17,Mujeres,,se elimina,TNR_01 / TNR_02,igual,,Total,Total,Total,Total,Total,Total,Se reemplaza por la salida de 10_uso_tiempo_v2.do
MLJ_17,Total,,se elimina,TNR_01 / TNR_02,igual,,Total,Total,Total,Total,Total,Total,Se reemplaza por la salida de 10_uso_tiempo_v2.do
MLJ_18,Hombres,,se elimina,TNR_01 / TNR_02,igual,,Total,Total,Total,Total,Total,Total,Se reemplaza por la salida de 10_uso_tiempo_v2.do
MLJ_18,Mujeres,,se elimina,TNR_01 / TNR_02,igual,,Total,Total,Total,Total,Total,Total,Se reemplaza por la salida de 10_uso_tiempo_v2.do
MLJ_18,Total,,se elimina,TNR_01 / TNR_02,igual,,Total,Total,Total,Total,Total,Total,Se reemplaza por la salida de 10_uso_tiempo_v2.do
GP_02,Educación,"# de estudiantes en programa Aprendamos Todos Matemáticas (1ero, 2do y 3ro)",datos_gestion,GP_02,igual,P006,Total,Total,Total,Total,Total,Total,
GP_02,Educación,# de estudiantes en programas de formación en inglés (English at Work),datos_gestion,GP_02,igual,P015,Total,Total,Total,Total,Total,Total,
GP_02,Educación,# de personas impactadas a través del spin off,datos_gestion,GP_02,igual,P042,Total,Total,Total,Total,Total,Total,
GP_02,Educación,# de participantes en otras iniciativas de educación,datos_gestion,GP_02,igual,P038,Total,Total,Total,Total,Total,Total,
GP_02,Emprendimiento,Addventure Más,datos_gestion,GP_02,igual,P001,Total,Total,Total,Total,Total,Total,
GP_02,Especiales - Religiosos,Adoratrices,datos_gestion,GP_02,igual,P002,Total,Total,Total,Total,Total,Total,
GP_02,Proyectos Especiales - Salud,Alejandra Velez,datos_gestion,GP_02,igual,P003,Total,Total,Total,Total,Total,Total,
GP_02,Proyectos Especiales - primera Infancia,"Alimentamor + Gestar
CDI La LIBIA",datos_gestion,GP_02,igual,P004,Total,Total,Total,Total,Total,Total,
GP_02,Educación,Aprendamos todos a leer,datos_gestion,GP_02,igual,P005,Total,Total,Total,Total,Total,Total,
GP_02,Especiales -Formación,Batuta,datos_gestion,GP_02,igual,P008,Total,Total,Total,Total,Total,Total,
GP_02,The Cacao Effect,Beneficiarios de Sueños de Chocolate,datos_gestion,GP_02,igual,P043,Total,Total,Total,Total,Total,Total,
GP_02,Proyectos Especiales - Vivienda,Betania,datos_gestion,GP_02,igual,P009,Total,Total,Total,Total,Total,Total,
GP_02,Especiales -Formación,Ceder,datos_gestion,GP_02,igual,P010,Total,Total,Total,Total,Total,Total,
GP_02,Otras Iniciativas,Clínica San Juan de Dios,datos_gestion,GP_02,igual,P011,Total,Total,Total,Total,Total,Total,
GP_02,Especiales -Formación,Ecosistema Innovación Primera Infancia,datos_gestion,GP_02,igual,P012,Total,Total,Total,Total,Total,Total,
GP_02,Emprendimiento,Emprendiendo Sueños,datos_gestion,GP_02,igual,P013,Total,Total,Total,Total,Total,Total,
GP_02,Emprendimiento,Empresas de Alto Potencial,datos_gestion,GP_02,igual,P014,Total,Total,Total,Total,Total,Total,
GP_02,Educación,Escuela activa urbana,datos_gestion,GP_02,igual,P016,Total,Total,Total,Total,Total,Total,
GP_02,Proyectos Especiales - Salud,Fortalecimiento de las unidades neonatal y de gastro enterología clínico  - quirúrgica en los servicios especiales de salud del hospital de caldas,datos_gestion,GP_02,igual,P020,Total,Total,Total,Total,Total,Total,
GP_02,Proyectos Especiales - Salud,Fundación San Ezequiel Moreno,datos_gestion,GP_02,igual,P021,Total,Total,Total,Total,Total,Total,
GP_02,Generación R,Generación R,datos_gestion,GP_02,igual,P022,Total,Total,Total,Total,Total,Total,
GP_02,Proyectos Especiales - primera Infancia,Gestar Futuro,datos_gestion,GP_02,igual,P023,Total,Total,Total,Total,Total,Total,
GP_02,Proyectos Especiales - primera Infancia,Gestar Futuro - Alianza Primero la Infancia,datos_gestion,GP_02,igual,P024,Total,Total,Total,Total,Total,Total,
GP_02,Proyectos Especiales - primera Infancia,Gestar Futuro - CDI LA LIBIA,datos_gestion,GP_02,igual,P026,Total,Total,Total,Total,Total,Total,
GP_02,Emprendimiento,Growth Team,datos_gestion,GP_02,igual,P027,Total,Total,Total,Total,Total,Total,
GP_02,Especiales - Religiosos,Hogar San Judas,datos_gestion,GP_02,igual,P028,Total,Total,Total,Total,Total,Total,
GP_02,Proyectos Especiales - Tercera Edad,Hogares de Adulto Mayor,datos_gestion,GP_02,igual,P029,Total,Total,Total,Total,Total,Total,
GP_02,Emprendimiento,Innovatech,datos_gestion,GP_02,igual,P030,Total,Total,Total,Total,Total,Total,
GP_02,Proyectos Especiales - Salud,Investigación de cáncer Colorrectal,datos_gestion,GP_02,igual,P031,Total,Total,Total,Total,Total,Total,
GP_02,Especiales - Religiosos,Luisas de Marillac,datos_gestion,GP_02,igual,P032,Total,Total,Total,Total,Total,Total,2024: se conserva 15; el 7 repite el valor de 2023
GP_02,Educación,Manizales Campus Universitario,datos_gestion,GP_02,igual,P033,Total,Total,Total,Total,Total,Total,
GP_02,Otras Iniciativas,Manizales Cómo Vamos,datos_gestion,GP_02,igual,P034,Total,Total,Total,Total,Total,Total,
GP_02,Otras Iniciativas,Manizales Cómo vamos,datos_gestion,GP_02,igual,P034,Total,Total,Total,Total,Total,Total,
GP_02,Proyectos Especiales - Tercera Edad,Me Cuido Activo Manizales,datos_gestion,GP_02,igual,P035,Total,Total,Total,Total,Total,Total,
GP_02,Proyectos Especiales - Salud,Nutrir,datos_gestion,GP_02,igual,P036,Total,Total,Total,Total,Total,Total,
GP_02,Proyectos Especiales - primera Infancia,Nutrir,datos_gestion,GP_02,igual,P036,Total,Total,Total,Total,Total,Total,
GP_02,Otras Iniciativas,Otras Iniciativas de Ciudad,datos_gestion,GP_02,igual,P037,Total,Total,Total,Total,Total,Total,
GP_02,Otras Iniciativas,Premio cívico,datos_gestion,GP_02,igual,P039,Total,Total,Total,Total,Total,Total,
GP_02,Emprendimiento,Profesores de Alto Potencial,datos_gestion,GP_02,igual,P040,Total,Total,Total,Total,Total,Total,
GP_02,Especiales -Formación,Ravasco,datos_gestion,GP_02,igual,P041,Total,Total,Total,Total,Total,Total,
GP_02,Educación,Universidad en tu colegio,datos_gestion,GP_02,igual,P044,Total,Total,Total,Total,Total,Total,
GP_02,Emprendimiento,Vender Más,datos_gestion,GP_02,igual,P045,Total,Total,Total,Total,Total,Total,
GP_02,Especiales - Religiosos,Visitación,datos_gestion,GP_02,igual,P046,Total,Total,Total,Total,Total,Total,
GP_02,Proyectos Especiales - Salud,"VIVO

Unidad de Oncologia del SES",datos_gestion,GP_02,igual,P047,Total,Total,Total,Total,Total,Total,
GP_02,Especiales - Religiosos,vocaciones,datos_gestion,GP_02,igual,P048,Total,Total,Total,Total,Total,Total,
GP_02,Formare,Formare,datos_gestion,GP_02,igual,P019,Total,Total,Total,Total,Total,Total,
TNR_01,Hombre,Total,datos,TNR_01,igual,,Hombre,Total,Total,Total,Total,Total,Agregado después del libro de equivalencias (rutina 10_uso_tiempo)
TNR_01,Mujer,Total,datos,TNR_01,igual,,Mujer,Total,Total,Total,Total,Total,Agregado después del libro de equivalencias (rutina 10_uso_tiempo)
TNR_01,Total,Total,datos,TNR_01,igual,,Total,Total,Total,Total,Total,Total,Agregado después del libro de equivalencias (rutina 10_uso_tiempo)
TNR_02,Hombre,Total,datos,TNR_02,igual,,Hombre,Total,Total,Total,Total,Total,Agregado después del libro de equivalencias (rutina 10_uso_tiempo)
TNR_02,Mujer,Total,datos,TNR_02,igual,,Mujer,Total,Total,Total,Total,Total,Agregado después del libro de equivalencias (rutina 10_uso_tiempo)
TNR_02,Total,Total,datos,TNR_02,igual,,Total,Total,Total,Total,Total,Total,Agregado después del libro de equivalencias (rutina 10_uso_tiempo)
